#
# There is insufficient memory for the Java Runtime Environment to continue.
# Native memory allocation (malloc) failed to allocate 1358736 bytes. Error detail: Chunk::new
# Possible reasons:
#   The system is out of physical RAM or swap space
#   This process is running with CompressedOops enabled, and the Java Heap may be blocking the growth of the native heap
# Possible solutions:
#   Reduce memory load on the system
#   Increase physical memory or swap space
#   Check if swap backing store is full
#   Decrease Java heap size (-Xmx/-Xms)
#   Decrease number of Java threads
#   Decrease Java thread stack sizes (-Xss)
#   Set larger code cache with -XX:ReservedCodeCacheSize=
#   JVM is running with Unscaled Compressed Oops mode in which the Java heap is
#     placed in the first 4GB address space. The Java Heap base address is the
#     maximum limit for the native heap growth. Please use -XX:HeapBaseMinAddress
#     to set the Java Heap base and to place the Java Heap above 4GB virtual address.
# This output file may be truncated or incomplete.
#
#  Out of Memory Error (arena.cpp:168), pid=15032, tid=11564
#
# JRE version: OpenJDK Runtime Environment Microsoft-13877171 (21.0.11+10) (build 21.0.11+10-LTS)
# Java VM: OpenJDK 64-Bit Server VM Microsoft-13877171 (21.0.11+10-LTS, mixed mode, sharing, tiered, compressed oops, compressed class ptrs, g1 gc, windows-amd64)
# Core dump will be written. Default location: G:\マイドライブ\apps\business_kids\android\hs_err_pid15032.mdmp
#

---------------  S U M M A R Y ------------

Command Line: --add-opens=java.base/java.lang=ALL-UNNAMED --add-opens=java.base/java.lang.invoke=ALL-UNNAMED --add-opens=java.base/java.util=ALL-UNNAMED --add-opens=java.prefs/java.util.prefs=ALL-UNNAMED --add-exports=jdk.compiler/com.sun.tools.javac.api=ALL-UNNAMED --add-exports=jdk.compiler/com.sun.tools.javac.util=ALL-UNNAMED --add-opens=java.base/java.util=ALL-UNNAMED --add-opens=java.prefs/java.util.prefs=ALL-UNNAMED --add-opens=java.base/java.nio.charset=ALL-UNNAMED --add-opens=java.base/java.net=ALL-UNNAMED --add-opens=java.base/java.util.concurrent.atomic=ALL-UNNAMED --add-opens=java.xml/javax.xml.namespace=ALL-UNNAMED -XX:MaxMetaspaceSize=512m -XX:ReservedCodeCacheSize=256m -XX:+HeapDumpOnOutOfMemoryError -Xmx2g -Dfile.encoding=UTF-8 -Duser.country=JP -Duser.language=ja -Duser.variant -javaagent:C:\Users\Administrator\.gradle\wrapper\dists\gradle-8.14-all\c2qonpi39x1mddn7hk5gh9iqj\gradle-8.14\lib\agents\gradle-instrumentation-agent-8.14.jar org.gradle.launcher.daemon.bootstrap.GradleDaemon 8.14

Host: Intel(R) Xeon(R) Silver 4416+, 3 cores, 3G,  Windows Server 2022 , 64 bit Build 20348 (10.0.20348.3692)
Time: Mon Jun 15 23:31:31 2026 elapsed time: 540.939373 seconds (0d 0h 9m 0s)

---------------  T H R E A D  ---------------

Current thread (0x000001341a80e110):  JavaThread "C2 CompilerThread0" daemon [_thread_in_native, id=11564, stack(0x000000268c300000,0x000000268c400000) (1024K)]


Current CompileTask:
C2:541001 40859       4       com.android.tools.build.apkzlib.zip.ZipField::verify (77 bytes)

Stack: [0x000000268c300000,0x000000268c400000]
Native frames: (J=compiled Java code, j=interpreted, Vv=VM code, C=native code)
V  [jvm.dll+0x6e0429]  (no source info available)
V  [jvm.dll+0x8c057b]  (no source info available)
V  [jvm.dll+0x8c2b0a]  (no source info available)
V  [jvm.dll+0x8c31e3]  (no source info available)
V  [jvm.dll+0x28ac66]  (no source info available)
V  [jvm.dll+0xc91cd]  (no source info available)
V  [jvm.dll+0xc971c]  (no source info available)
V  [jvm.dll+0x3c8562]  (no source info available)
V  [jvm.dll+0x394bb2]  (no source info available)
V  [jvm.dll+0x39400a]  (no source info available)
V  [jvm.dll+0x252840]  (no source info available)
V  [jvm.dll+0x251e6c]  (no source info available)
V  [jvm.dll+0x1d1c5f]  (no source info available)
V  [jvm.dll+0x261bda]  (no source info available)
V  [jvm.dll+0x25ff45]  (no source info available)
V  [jvm.dll+0x4022c5]  (no source info available)
V  [jvm.dll+0x86b2bd]  (no source info available)
V  [jvm.dll+0x6e19dd]  (no source info available)
C  [ucrtbase.dll+0x26b4c]  (no source info available)
C  [KERNEL32.DLL+0x14cb0]  (no source info available)
C  [ntdll.dll+0x7edcb]  (no source info available)


---------------  P R O C E S S  ---------------

Threads class SMR info:
_java_thread_list=0x000001341aa88aa0, length=92, elements={
0x000001347b92b260, 0x000001341a805440, 0x000001341a806250, 0x000001341a807150,
0x000001341a80adc0, 0x000001341a80b910, 0x000001341a80d380, 0x000001341a80e110,
0x000001341a877f10, 0x000001341a938120, 0x000001341aa29540, 0x000001343b47ef80,
0x000001343b51f860, 0x000001343b58a040, 0x000001343b7ab330, 0x000001343b7ab9a0,
0x000001343b5fae70, 0x000001343b7b1410, 0x000001343b733900, 0x000001343b731ec0,
0x000001343b735340, 0x000001343b732550, 0x000001343b733f90, 0x000001343b732be0,
0x000001343b733270, 0x000001343b734cb0, 0x000001343c0d2e70, 0x000001343c0d2150,
0x000001343c0d27e0, 0x000001343c0d1430, 0x000001343c0d0710, 0x000001343c0d1ac0,
0x000001343dfcc9c0, 0x000001343dfcfe40, 0x000001343dfc8eb0, 0x000001343dfcd6e0,
0x000001343dfce400, 0x000001343dfcea90, 0x000001343dfcf120, 0x000001343dfca8f0,
0x000001343dfcf7b0, 0x000001343bf16a50, 0x000001343bf12220, 0x000001343bf11500,
0x000001343bf107e0, 0x000001343bf156a0, 0x000001343bf10150, 0x000001343bf11b90,
0x000001343bf0fac0, 0x000001343bf14980, 0x000001343bf15d30, 0x000001343bf135d0,
0x000001343bf10e70, 0x000001343bf163c0, 0x000001343bf170e0, 0x000001343bf13c60,
0x000001343bf15010, 0x000001343bf12f40, 0x000001343bf128b0, 0x000001343f78a5b0,
0x000001343f78ac40, 0x000001343e852d20, 0x000001343c034240, 0x000001343c0348d0,
0x0000013444322c20, 0x0000013444325a10, 0x0000013444321870, 0x00000134443260a0,
0x0000013444321f00, 0x0000013444322590, 0x000001343f78e0c0, 0x000001343f78b960,
0x000001343f789200, 0x000001343f78f470, 0x00000134451dc420, 0x00000134451d8280,
0x00000134451dde60, 0x00000134451db070, 0x00000134451d8fa0, 0x00000134442b8590,
0x00000134442b92b0, 0x00000134442b7870, 0x00000134442bcdc0, 0x00000134442c0240,
0x0000013444326dc0, 0x000001344431fe30, 0x00000134451dcab0, 0x00000134451e2d20,
0x00000134451e1970, 0x00000134451e2000, 0x00000134451dbd90, 0x00000134451df210
}

Java Threads: ( => current thread )
  0x000001347b92b260 JavaThread "main"                              [_thread_blocked, id=10060, stack(0x000000268b400000,0x000000268b500000) (1024K)]
  0x000001341a805440 JavaThread "Reference Handler"          daemon [_thread_blocked, id=8820, stack(0x000000268bd00000,0x000000268be00000) (1024K)]
  0x000001341a806250 JavaThread "Finalizer"                  daemon [_thread_blocked, id=5444, stack(0x000000268be00000,0x000000268bf00000) (1024K)]
  0x000001341a807150 JavaThread "Signal Dispatcher"          daemon [_thread_blocked, id=13604, stack(0x000000268bf00000,0x000000268c000000) (1024K)]
  0x000001341a80adc0 JavaThread "Attach Listener"            daemon [_thread_blocked, id=9544, stack(0x000000268c000000,0x000000268c100000) (1024K)]
  0x000001341a80b910 JavaThread "Service Thread"             daemon [_thread_blocked, id=7128, stack(0x000000268c100000,0x000000268c200000) (1024K)]
  0x000001341a80d380 JavaThread "Monitor Deflation Thread"   daemon [_thread_blocked, id=4560, stack(0x000000268c200000,0x000000268c300000) (1024K)]
=>0x000001341a80e110 JavaThread "C2 CompilerThread0"         daemon [_thread_in_native, id=11564, stack(0x000000268c300000,0x000000268c400000) (1024K)]
  0x000001341a877f10 JavaThread "C1 CompilerThread0"         daemon [_thread_blocked, id=15716, stack(0x000000268c400000,0x000000268c500000) (1024K)]
  0x000001341a938120 JavaThread "Common-Cleaner"             daemon [_thread_blocked, id=17004, stack(0x000000268c500000,0x000000268c600000) (1024K)]
  0x000001341aa29540 JavaThread "Notification Thread"        daemon [_thread_blocked, id=13880, stack(0x000000268c600000,0x000000268c700000) (1024K)]
  0x000001343b47ef80 JavaThread "Daemon health stats"               [_thread_blocked, id=14956, stack(0x000000268c900000,0x000000268ca00000) (1024K)]
  0x000001343b51f860 JavaThread "Incoming local TCP Connector on port 64684"        [_thread_in_native, id=5432, stack(0x000000268ca00000,0x000000268cb00000) (1024K)]
  0x000001343b58a040 JavaThread "Daemon periodic checks"            [_thread_blocked, id=6396, stack(0x000000268cb00000,0x000000268cc00000) (1024K)]
  0x000001343b7ab330 JavaThread "Daemon"                            [_thread_blocked, id=4408, stack(0x000000268cc00000,0x000000268cd00000) (1024K)]
  0x000001343b7ab9a0 JavaThread "Handler for socket connection from /127.0.0.1:64684 to /127.0.0.1:64685"        [_thread_in_native, id=5960, stack(0x000000268cd00000,0x000000268ce00000) (1024K)]
  0x000001343b5fae70 JavaThread "Cancel handler"                    [_thread_blocked, id=12724, stack(0x000000268ce00000,0x000000268cf00000) (1024K)]
  0x000001343b7b1410 JavaThread "Daemon worker"                     [_thread_blocked, id=13264, stack(0x000000268cf00000,0x000000268d000000) (1024K)]
  0x000001343b733900 JavaThread "Asynchronous log dispatcher for DefaultDaemonConnection: socket connection from /127.0.0.1:64684 to /127.0.0.1:64685"        [_thread_blocked, id=5004, stack(0x000000268d000000,0x000000268d100000) (1024K)]
  0x000001343b731ec0 JavaThread "Stdin handler"                     [_thread_blocked, id=7832, stack(0x000000268d100000,0x000000268d200000) (1024K)]
  0x000001343b735340 JavaThread "Daemon client event forwarder"        [_thread_blocked, id=13508, stack(0x000000268d200000,0x000000268d300000) (1024K)]
  0x000001343b732550 JavaThread "Cache worker for journal cache (C:\Users\Administrator\.gradle\caches\journal-1)"        [_thread_blocked, id=8196, stack(0x000000268d300000,0x000000268d400000) (1024K)]
  0x000001343b733f90 JavaThread "File lock request listener"        [_thread_in_native, id=12596, stack(0x000000268d400000,0x000000268d500000) (1024K)]
  0x000001343b732be0 JavaThread "Cache worker for file hash cache (C:\Users\Administrator\.gradle\caches\8.14\fileHashes)"        [_thread_blocked, id=13756, stack(0x000000268d500000,0x000000268d600000) (1024K)]
  0x000001343b733270 JavaThread "Cache worker for file hash cache (G:\繝槭う繝峨Λ繧､繝暴apps\business_kids\android\.gradle\8.14\fileHashes)"        [_thread_blocked, id=5188, stack(0x000000268d600000,0x000000268d700000) (1024K)]
  0x000001343b734cb0 JavaThread "Cache worker for Build Output Cleanup Cache (G:\繝槭う繝峨Λ繧､繝暴apps\business_kids\android\.gradle\buildOutputCleanup)"        [_thread_blocked, id=13888, stack(0x000000268d700000,0x000000268d800000) (1024K)]
  0x000001343c0d2e70 JavaThread "File watcher server"        daemon [_thread_in_native, id=16096, stack(0x000000268d800000,0x000000268d900000) (1024K)]
  0x000001343c0d2150 JavaThread "File watcher consumer"      daemon [_thread_blocked, id=13596, stack(0x000000268d900000,0x000000268da00000) (1024K)]
  0x000001343c0d27e0 JavaThread "Cache worker for checksums cache (G:\繝槭う繝峨Λ繧､繝暴apps\business_kids\android\.gradle\8.14\checksums)"        [_thread_blocked, id=7616, stack(0x000000268da00000,0x000000268db00000) (1024K)]
  0x000001343c0d1430 JavaThread "Cache worker for file content cache (C:\Users\Administrator\.gradle\caches\8.14\fileContent)"        [_thread_blocked, id=912, stack(0x000000268db00000,0x000000268dc00000) (1024K)]
  0x000001343c0d0710 JavaThread "Cache worker for cache directory md-supplier (C:\Users\Administrator\.gradle\caches\8.14\md-supplier)"        [_thread_blocked, id=15276, stack(0x000000268dc00000,0x000000268dd00000) (1024K)]
  0x000001343c0d1ac0 JavaThread "Cache worker for cache directory md-rule (C:\Users\Administrator\.gradle\caches\8.14\md-rule)"        [_thread_blocked, id=7252, stack(0x000000268dd00000,0x000000268de00000) (1024K)]
  0x000001343dfcc9c0 JavaThread "Cache worker for Build Output Cleanup Cache (C:\flutter\packages\flutter_tools\gradle\.gradle\buildOutputCleanup)"        [_thread_blocked, id=14084, stack(0x000000268de00000,0x000000268df00000) (1024K)]
  0x000001343dfcfe40 JavaThread "Unconstrained build operations"        [_thread_blocked, id=13792, stack(0x000000268df00000,0x000000268e000000) (1024K)]
  0x000001343dfc8eb0 JavaThread "Unconstrained build operations Thread 2"        [_thread_blocked, id=13616, stack(0x000000268e000000,0x000000268e100000) (1024K)]
  0x000001343dfcd6e0 JavaThread "Unconstrained build operations Thread 3"        [_thread_blocked, id=4328, stack(0x000000268e100000,0x000000268e200000) (1024K)]
  0x000001343dfce400 JavaThread "Unconstrained build operations Thread 4"        [_thread_blocked, id=6284, stack(0x000000268e200000,0x000000268e300000) (1024K)]
  0x000001343dfcea90 JavaThread "Unconstrained build operations Thread 5"        [_thread_blocked, id=3756, stack(0x000000268e300000,0x000000268e400000) (1024K)]
  0x000001343dfcf120 JavaThread "Unconstrained build operations Thread 6"        [_thread_blocked, id=14724, stack(0x000000268e400000,0x000000268e500000) (1024K)]
  0x000001343dfca8f0 JavaThread "Memory manager"                    [_thread_blocked, id=11476, stack(0x000000268e500000,0x000000268e600000) (1024K)]
  0x000001343dfcf7b0 JavaThread "build event listener"              [_thread_blocked, id=9688, stack(0x000000268e600000,0x000000268e700000) (1024K)]
  0x000001343bf16a50 JavaThread "included builds"                   [_thread_blocked, id=10028, stack(0x000000268e800000,0x000000268e900000) (1024K)]
  0x000001343bf12220 JavaThread "Execution worker"                  [_thread_blocked, id=4104, stack(0x000000268e900000,0x000000268ea00000) (1024K)]
  0x000001343bf11500 JavaThread "Execution worker Thread 2"         [_thread_blocked, id=16872, stack(0x000000268ea00000,0x000000268eb00000) (1024K)]
  0x000001343bf107e0 JavaThread "Cache worker for execution history cache (C:\flutter\packages\flutter_tools\gradle\.gradle\8.14\executionHistory)"        [_thread_blocked, id=13472, stack(0x000000268eb00000,0x000000268ec00000) (1024K)]
  0x000001343bf156a0 JavaThread "Unconstrained build operations Thread 7"        [_thread_blocked, id=2536, stack(0x000000268ec00000,0x000000268ed00000) (1024K)]
  0x000001343bf10150 JavaThread "Unconstrained build operations Thread 8"        [_thread_blocked, id=16716, stack(0x000000268ed00000,0x000000268ee00000) (1024K)]
  0x000001343bf11b90 JavaThread "Unconstrained build operations Thread 9"        [_thread_blocked, id=14968, stack(0x000000268ee00000,0x000000268ef00000) (1024K)]
  0x000001343bf0fac0 JavaThread "Unconstrained build operations Thread 10"        [_thread_blocked, id=16640, stack(0x000000268ef00000,0x000000268f000000) (1024K)]
  0x000001343bf14980 JavaThread "Unconstrained build operations Thread 11"        [_thread_blocked, id=4644, stack(0x000000268f000000,0x000000268f100000) (1024K)]
  0x000001343bf15d30 JavaThread "Unconstrained build operations Thread 12"        [_thread_blocked, id=9436, stack(0x000000268f100000,0x000000268f200000) (1024K)]
  0x000001343bf135d0 JavaThread "Unconstrained build operations Thread 13"        [_thread_blocked, id=7212, stack(0x000000268f200000,0x000000268f300000) (1024K)]
  0x000001343bf10e70 JavaThread "Unconstrained build operations Thread 14"        [_thread_blocked, id=13692, stack(0x000000268f300000,0x000000268f400000) (1024K)]
  0x000001343bf163c0 JavaThread "Unconstrained build operations Thread 15"        [_thread_blocked, id=3704, stack(0x000000268f400000,0x000000268f500000) (1024K)]
  0x000001343bf170e0 JavaThread "Unconstrained build operations Thread 16"        [_thread_blocked, id=11120, stack(0x000000268f500000,0x000000268f600000) (1024K)]
  0x000001343bf13c60 JavaThread "Unconstrained build operations Thread 17"        [_thread_blocked, id=3084, stack(0x000000268f600000,0x000000268f700000) (1024K)]
  0x000001343bf15010 JavaThread "Unconstrained build operations Thread 18"        [_thread_blocked, id=9996, stack(0x000000268f700000,0x000000268f800000) (1024K)]
  0x000001343bf12f40 JavaThread "Unconstrained build operations Thread 19"        [_thread_blocked, id=15948, stack(0x000000268f800000,0x000000268f900000) (1024K)]
  0x000001343bf128b0 JavaThread "Unconstrained build operations Thread 20"        [_thread_blocked, id=6996, stack(0x000000268f900000,0x000000268fa00000) (1024K)]
  0x000001343f78a5b0 JavaThread "Problems report writer"            [_thread_blocked, id=16992, stack(0x000000268fa00000,0x000000268fb00000) (1024K)]
  0x000001343f78ac40 JavaThread "build event listener"              [_thread_blocked, id=11728, stack(0x000000268fb00000,0x000000268fc00000) (1024K)]
  0x000001343e852d20 JavaThread "jar transforms"                    [_thread_blocked, id=16288, stack(0x000000268fc00000,0x000000268fd00000) (1024K)]
  0x000001343c034240 JavaThread "Unconstrained build operations Thread 21"        [_thread_blocked, id=15436, stack(0x000000268fd00000,0x000000268fe00000) (1024K)]
  0x000001343c0348d0 JavaThread "Unconstrained build operations Thread 22"        [_thread_blocked, id=15924, stack(0x000000268fe00000,0x000000268ff00000) (1024K)]
  0x0000013444322c20 JavaThread "Unconstrained build operations Thread 23"        [_thread_blocked, id=7648, stack(0x000000268ff00000,0x0000002690000000) (1024K)]
  0x0000013444325a10 JavaThread "Unconstrained build operations Thread 24"        [_thread_blocked, id=12704, stack(0x0000002690000000,0x0000002690100000) (1024K)]
  0x0000013444321870 JavaThread "Unconstrained build operations Thread 25"        [_thread_blocked, id=9312, stack(0x0000002690100000,0x0000002690200000) (1024K)]
  0x00000134443260a0 JavaThread "Unconstrained build operations Thread 26"        [_thread_blocked, id=4008, stack(0x0000002690200000,0x0000002690300000) (1024K)]
  0x0000013444321f00 JavaThread "jar transforms Thread 2"           [_thread_blocked, id=14708, stack(0x0000002690300000,0x0000002690400000) (1024K)]
  0x0000013444322590 JavaThread "jar transforms Thread 3"           [_thread_blocked, id=11004, stack(0x0000002690400000,0x0000002690500000) (1024K)]
  0x000001343f78e0c0 JavaThread "Unconstrained build operations Thread 27"        [_thread_blocked, id=16132, stack(0x0000002690500000,0x0000002690600000) (1024K)]
  0x000001343f78b960 JavaThread "Unconstrained build operations Thread 28"        [_thread_blocked, id=14132, stack(0x0000002690600000,0x0000002690700000) (1024K)]
  0x000001343f789200 JavaThread "Unconstrained build operations Thread 29"        [_thread_blocked, id=13224, stack(0x0000002690700000,0x0000002690800000) (1024K)]
  0x000001343f78f470 JavaThread "Unconstrained build operations Thread 30"        [_thread_blocked, id=8632, stack(0x0000002690800000,0x0000002690900000) (1024K)]
  0x00000134451dc420 JavaThread "pool-3-thread-1"                   [_thread_blocked, id=17052, stack(0x000000268b300000,0x000000268b400000) (1024K)]
  0x00000134451d8280 JavaThread "build event listener"              [_thread_blocked, id=12264, stack(0x000000268b500000,0x000000268b600000) (1024K)]
  0x00000134451dde60 JavaThread "Cache worker for execution history cache (G:\繝槭う繝峨Λ繧､繝暴apps\business_kids\android\.gradle\8.14\executionHistory)"        [_thread_blocked, id=16988, stack(0x0000002690900000,0x0000002690a00000) (1024K)]
  0x00000134451db070 JavaThread "WorkerExecutor Queue"              [_thread_in_Java, id=17104, stack(0x0000002690f00000,0x0000002691000000) (1024K)]
  0x00000134451d8fa0 JavaThread "WorkerExecutor Queue Thread 2"        [_thread_in_native, id=8776, stack(0x0000002691000000,0x0000002691100000) (1024K)]
  0x00000134442b8590 JavaThread "WorkerExecutor Queue Thread 5"        [_thread_blocked, id=8260, stack(0x0000002690c00000,0x0000002690d00000) (1024K)]
  0x00000134442b92b0 JavaThread "pool-4-thread-1"                   [_thread_blocked, id=864, stack(0x0000002690d00000,0x0000002690e00000) (1024K)]
  0x00000134442b7870 JavaThread "stderr"                            [_thread_in_native, id=15456, stack(0x0000002690e00000,0x0000002690f00000) (1024K)]
  0x00000134442bcdc0 JavaThread "stdout"                            [_thread_in_native, id=8988, stack(0x0000002691100000,0x0000002691200000) (1024K)]
  0x00000134442c0240 JavaThread "Cache worker for Java compile cache (C:\Users\Administrator\.gradle\caches\8.14\javaCompile)"        [_thread_blocked, id=11396, stack(0x0000002691200000,0x0000002691300000) (1024K)]
  0x0000013444326dc0 JavaThread "Build operations"                  [_thread_blocked, id=7868, stack(0x000000268e700000,0x000000268e800000) (1024K)]
  0x000001344431fe30 JavaThread "Build operations Thread 2"         [_thread_blocked, id=9172, stack(0x0000002691300000,0x0000002691400000) (1024K)]
  0x00000134451dcab0 JavaThread "Build operations Thread 3"         [_thread_blocked, id=8860, stack(0x0000002691400000,0x0000002691500000) (1024K)]
  0x00000134451e2d20 JavaThread "RMI Scheduler(0)"           daemon [_thread_blocked, id=2764, stack(0x0000002691500000,0x0000002691600000) (1024K)]
  0x00000134451e1970 JavaThread "RMI GC Daemon"              daemon [_thread_blocked, id=16496, stack(0x0000002691700000,0x0000002691800000) (1024K)]
  0x00000134451e2000 JavaThread "RMI TCP Accept-0"           daemon [_thread_in_native, id=4376, stack(0x0000002691800000,0x0000002691900000) (1024K)]
  0x00000134451dbd90 JavaThread "RMI Reaper"                        [_thread_blocked, id=11020, stack(0x0000002691900000,0x0000002691a00000) (1024K)]
  0x00000134451df210 JavaThread "RMI TCP Connection(idle)"   daemon [_thread_blocked, id=17252, stack(0x0000002690b00000,0x0000002690c00000) (1024K)]
Total: 92

Other Threads:
  0x000001341a7ea050 VMThread "VM Thread"                           [id=13332, stack(0x000000268bc00000,0x000000268bd00000) (1024K)]
  0x000001341a7d8d40 WatcherThread "VM Periodic Task Thread"        [id=14404, stack(0x000000268bb00000,0x000000268bc00000) (1024K)]
  0x000001347b983bb0 WorkerThread "GC Thread#0"                     [id=6904, stack(0x000000268b600000,0x000000268b700000) (1024K)]
  0x000001341aa81fd0 WorkerThread "GC Thread#1"                     [id=10016, stack(0x000000268c700000,0x000000268c800000) (1024K)]
  0x000001341aaaca10 WorkerThread "GC Thread#2"                     [id=12876, stack(0x000000268c800000,0x000000268c900000) (1024K)]
  0x000001347b994a40 ConcurrentGCThread "G1 Main Marker"            [id=7704, stack(0x000000268b700000,0x000000268b800000) (1024K)]
  0x000001347b9953f0 WorkerThread "G1 Conc#0"                       [id=1912, stack(0x000000268b800000,0x000000268b900000) (1024K)]
  0x000001347b9e51c0 ConcurrentGCThread "G1 Refine#0"               [id=11904, stack(0x000000268b900000,0x000000268ba00000) (1024K)]
  0x000001347b9e5d90 ConcurrentGCThread "G1 Service"                [id=14036, stack(0x000000268ba00000,0x000000268bb00000) (1024K)]
Total: 9

Threads with active compile tasks:
C2 CompilerThread0  552009 40859       4       com.android.tools.build.apkzlib.zip.ZipField::verify (77 bytes)
Total: 1

VM state: not at safepoint (normal execution)

VM Mutex/Monitor currently owned by a thread: None

OutOfMemory and StackOverflow Exception counts:
OutOfMemoryError java_heap_errors=1
LinkageErrors=320

Heap address: 0x0000000080000000, size: 2048 MB, Compressed Oops mode: 32-bit

CDS archive(s) mapped at: [0x000001341b000000-0x000001341bc80000-0x000001341bc80000), size 13107200, SharedBaseAddress: 0x000001341b000000, ArchiveRelocationMode: 1.
Compressed class space mapped at: 0x000001341c000000-0x0000013436000000, reserved size: 436207616
Narrow klass base: 0x000001341b000000, Narrow klass shift: 0, Narrow klass range: 0x100000000

GC Precious Log:
 CardTable entry size: 512
 Card Set container configuration: InlinePtr #cards 5 size 8 Array Of Cards #cards 12 size 40 Howl #buckets 4 coarsen threshold 1843 Howl Bitmap #cards 512 size 80 coarsen threshold 460 Card regions per heap region 1 cards per card region 2048
 CPUs: 3 total, 3 available
 Memory: 4095M
 Large Page Support: Disabled
 NUMA Support: Disabled
 Compressed Oops: Enabled (32-bit)
 Heap Region Size: 1M
 Heap Min Capacity: 8M
 Heap Initial Capacity: 64M
 Heap Max Capacity: 2G
 Pre-touch: Disabled
 Parallel Workers: 3
 Concurrent Workers: 1
 Concurrent Refinement Workers: 3
 Periodic GC: Disabled

Heap:
 garbage-first heap   total 763904K, used 645376K [0x0000000080000000, 0x0000000100000000)
  region size 1024K, 250 young (256000K), 4 survivors (4096K)
 Metaspace       used 180527K, committed 183616K, reserved 622592K
  class space    used 23493K, committed 24960K, reserved 425984K

Heap Regions: E=young(eden), S=young(survivor), O=old, HS=humongous(starts), HC=humongous(continues), CS=collection set, F=free, TAMS=top-at-mark-start, PB=parsable bottom
|   0|0x0000000080000000, 0x0000000080100000, 0x0000000080100000|100%| O|  |TAMS 0x0000000080000000| PB 0x0000000080000000| Untracked 
|   1|0x0000000080100000, 0x0000000080200000, 0x0000000080200000|100%| O|  |TAMS 0x0000000080100000| PB 0x0000000080100000| Untracked 
|   2|0x0000000080200000, 0x0000000080300000, 0x0000000080300000|100%|HS|  |TAMS 0x0000000080200000| PB 0x0000000080200000| Complete 
|   3|0x0000000080300000, 0x0000000080400000, 0x0000000080400000|100%|HC|  |TAMS 0x0000000080300000| PB 0x0000000080300000| Complete 
|   4|0x0000000080400000, 0x0000000080500000, 0x0000000080500000|100%|HC|  |TAMS 0x0000000080400000| PB 0x0000000080400000| Complete 
|   5|0x0000000080500000, 0x0000000080600000, 0x0000000080600000|100%| O|  |TAMS 0x0000000080500000| PB 0x0000000080500000| Untracked 
|   6|0x0000000080600000, 0x0000000080700000, 0x0000000080700000|100%| O|  |TAMS 0x0000000080600000| PB 0x0000000080600000| Untracked 
|   7|0x0000000080700000, 0x0000000080800000, 0x0000000080800000|100%|HS|  |TAMS 0x0000000080700000| PB 0x0000000080700000| Complete 
|   8|0x0000000080800000, 0x0000000080900000, 0x0000000080900000|100%| O|  |TAMS 0x0000000080800000| PB 0x0000000080800000| Untracked 
|   9|0x0000000080900000, 0x0000000080a00000, 0x0000000080a00000|100%| O|  |TAMS 0x0000000080900000| PB 0x0000000080900000| Untracked 
|  10|0x0000000080a00000, 0x0000000080b00000, 0x0000000080b00000|100%| O|  |TAMS 0x0000000080a00000| PB 0x0000000080a00000| Untracked 
|  11|0x0000000080b00000, 0x0000000080c00000, 0x0000000080c00000|100%| O|  |TAMS 0x0000000080b00000| PB 0x0000000080b00000| Untracked 
|  12|0x0000000080c00000, 0x0000000080d00000, 0x0000000080d00000|100%| O|  |TAMS 0x0000000080c00000| PB 0x0000000080c00000| Untracked 
|  13|0x0000000080d00000, 0x0000000080e00000, 0x0000000080e00000|100%| O|  |TAMS 0x0000000080d00000| PB 0x0000000080d00000| Untracked 
|  14|0x0000000080e00000, 0x0000000080f00000, 0x0000000080f00000|100%| O|  |TAMS 0x0000000080e00000| PB 0x0000000080e00000| Untracked 
|  15|0x0000000080f00000, 0x0000000081000000, 0x0000000081000000|100%| O|  |TAMS 0x0000000080f00000| PB 0x0000000080f00000| Untracked 
|  16|0x0000000081000000, 0x0000000081100000, 0x0000000081100000|100%| O|  |TAMS 0x0000000081000000| PB 0x0000000081000000| Untracked 
|  17|0x0000000081100000, 0x0000000081200000, 0x0000000081200000|100%| O|  |TAMS 0x0000000081100000| PB 0x0000000081100000| Untracked 
|  18|0x0000000081200000, 0x0000000081300000, 0x0000000081300000|100%| O|  |TAMS 0x0000000081200000| PB 0x0000000081200000| Untracked 
|  19|0x0000000081300000, 0x0000000081400000, 0x0000000081400000|100%| O|  |TAMS 0x0000000081300000| PB 0x0000000081300000| Untracked 
|  20|0x0000000081400000, 0x0000000081500000, 0x0000000081500000|100%| O|  |TAMS 0x0000000081400000| PB 0x0000000081400000| Untracked 
|  21|0x0000000081500000, 0x0000000081600000, 0x0000000081600000|100%| O|  |TAMS 0x0000000081500000| PB 0x0000000081500000| Untracked 
|  22|0x0000000081600000, 0x0000000081700000, 0x0000000081700000|100%| O|  |TAMS 0x0000000081600000| PB 0x0000000081600000| Untracked 
|  23|0x0000000081700000, 0x0000000081800000, 0x0000000081800000|100%| O|  |TAMS 0x0000000081700000| PB 0x0000000081700000| Untracked 
|  24|0x0000000081800000, 0x0000000081900000, 0x0000000081900000|100%| O|  |TAMS 0x0000000081800000| PB 0x0000000081800000| Untracked 
|  25|0x0000000081900000, 0x0000000081a00000, 0x0000000081a00000|100%| O|  |TAMS 0x0000000081900000| PB 0x0000000081900000| Untracked 
|  26|0x0000000081a00000, 0x0000000081b00000, 0x0000000081b00000|100%| O|  |TAMS 0x0000000081a00000| PB 0x0000000081a00000| Untracked 
|  27|0x0000000081b00000, 0x0000000081c00000, 0x0000000081c00000|100%| O|  |TAMS 0x0000000081b00000| PB 0x0000000081b00000| Untracked 
|  28|0x0000000081c00000, 0x0000000081d00000, 0x0000000081d00000|100%| O|  |TAMS 0x0000000081c00000| PB 0x0000000081c00000| Untracked 
|  29|0x0000000081d00000, 0x0000000081e00000, 0x0000000081e00000|100%| O|  |TAMS 0x0000000081d00000| PB 0x0000000081d00000| Untracked 
|  30|0x0000000081e00000, 0x0000000081f00000, 0x0000000081f00000|100%| O|  |TAMS 0x0000000081e00000| PB 0x0000000081e00000| Untracked 
|  31|0x0000000081f00000, 0x0000000082000000, 0x0000000082000000|100%| O|  |TAMS 0x0000000081f00000| PB 0x0000000081f00000| Untracked 
|  32|0x0000000082000000, 0x0000000082100000, 0x0000000082100000|100%| O|  |TAMS 0x0000000082000000| PB 0x0000000082000000| Untracked 
|  33|0x0000000082100000, 0x0000000082200000, 0x0000000082200000|100%| O|  |TAMS 0x0000000082100000| PB 0x0000000082100000| Untracked 
|  34|0x0000000082200000, 0x0000000082300000, 0x0000000082300000|100%| O|  |TAMS 0x0000000082200000| PB 0x0000000082200000| Untracked 
|  35|0x0000000082300000, 0x0000000082400000, 0x0000000082400000|100%| O|  |TAMS 0x0000000082300000| PB 0x0000000082300000| Untracked 
|  36|0x0000000082400000, 0x0000000082500000, 0x0000000082500000|100%| O|  |TAMS 0x0000000082400000| PB 0x0000000082400000| Untracked 
|  37|0x0000000082500000, 0x0000000082600000, 0x0000000082600000|100%| O|  |TAMS 0x0000000082500000| PB 0x0000000082500000| Untracked 
|  38|0x0000000082600000, 0x0000000082700000, 0x0000000082700000|100%| O|  |TAMS 0x0000000082600000| PB 0x0000000082600000| Untracked 
|  39|0x0000000082700000, 0x0000000082800000, 0x0000000082800000|100%| O|  |TAMS 0x0000000082700000| PB 0x0000000082700000| Untracked 
|  40|0x0000000082800000, 0x0000000082900000, 0x0000000082900000|100%|HS|  |TAMS 0x0000000082800000| PB 0x0000000082800000| Complete 
|  41|0x0000000082900000, 0x0000000082a00000, 0x0000000082a00000|100%|HC|  |TAMS 0x0000000082900000| PB 0x0000000082900000| Complete 
|  42|0x0000000082a00000, 0x0000000082b00000, 0x0000000082b00000|100%| O|  |TAMS 0x0000000082a00000| PB 0x0000000082a00000| Untracked 
|  43|0x0000000082b00000, 0x0000000082c00000, 0x0000000082c00000|100%| O|  |TAMS 0x0000000082b00000| PB 0x0000000082b00000| Untracked 
|  44|0x0000000082c00000, 0x0000000082d00000, 0x0000000082d00000|100%| O|  |TAMS 0x0000000082c00000| PB 0x0000000082c00000| Untracked 
|  45|0x0000000082d00000, 0x0000000082e00000, 0x0000000082e00000|100%| O|  |TAMS 0x0000000082d00000| PB 0x0000000082d00000| Untracked 
|  46|0x0000000082e00000, 0x0000000082f00000, 0x0000000082f00000|100%|HS|  |TAMS 0x0000000082e00000| PB 0x0000000082e00000| Complete 
|  47|0x0000000082f00000, 0x0000000083000000, 0x0000000083000000|100%|HC|  |TAMS 0x0000000082f00000| PB 0x0000000082f00000| Complete 
|  48|0x0000000083000000, 0x0000000083100000, 0x0000000083100000|100%| O|  |TAMS 0x0000000083000000| PB 0x0000000083000000| Untracked 
|  49|0x0000000083100000, 0x0000000083200000, 0x0000000083200000|100%| O|  |TAMS 0x0000000083100000| PB 0x0000000083100000| Untracked 
|  50|0x0000000083200000, 0x0000000083300000, 0x0000000083300000|100%| O|  |TAMS 0x0000000083200000| PB 0x0000000083200000| Untracked 
|  51|0x0000000083300000, 0x0000000083400000, 0x0000000083400000|100%| O|  |TAMS 0x0000000083300000| PB 0x0000000083300000| Untracked 
|  52|0x0000000083400000, 0x0000000083500000, 0x0000000083500000|100%|HS|  |TAMS 0x0000000083400000| PB 0x0000000083400000| Complete 
|  53|0x0000000083500000, 0x0000000083600000, 0x0000000083600000|100%|HC|  |TAMS 0x0000000083500000| PB 0x0000000083500000| Complete 
|  54|0x0000000083600000, 0x0000000083700000, 0x0000000083700000|100%|HC|  |TAMS 0x0000000083600000| PB 0x0000000083600000| Complete 
|  55|0x0000000083700000, 0x0000000083800000, 0x0000000083800000|100%| O|  |TAMS 0x0000000083700000| PB 0x0000000083700000| Untracked 
|  56|0x0000000083800000, 0x0000000083900000, 0x0000000083900000|100%| O|  |TAMS 0x0000000083800000| PB 0x0000000083800000| Untracked 
|  57|0x0000000083900000, 0x0000000083a00000, 0x0000000083a00000|100%| O|  |TAMS 0x0000000083900000| PB 0x0000000083900000| Untracked 
|  58|0x0000000083a00000, 0x0000000083b00000, 0x0000000083b00000|100%|HS|  |TAMS 0x0000000083a00000| PB 0x0000000083a00000| Complete 
|  59|0x0000000083b00000, 0x0000000083c00000, 0x0000000083c00000|100%|HC|  |TAMS 0x0000000083b00000| PB 0x0000000083b00000| Complete 
|  60|0x0000000083c00000, 0x0000000083d00000, 0x0000000083d00000|100%|HC|  |TAMS 0x0000000083c00000| PB 0x0000000083c00000| Complete 
|  61|0x0000000083d00000, 0x0000000083e00000, 0x0000000083e00000|100%| O|  |TAMS 0x0000000083d00000| PB 0x0000000083d00000| Untracked 
|  62|0x0000000083e00000, 0x0000000083f00000, 0x0000000083f00000|100%| O|  |TAMS 0x0000000083e00000| PB 0x0000000083e00000| Untracked 
|  63|0x0000000083f00000, 0x0000000084000000, 0x0000000084000000|100%|HS|  |TAMS 0x0000000083f00000| PB 0x0000000083f00000| Complete 
|  64|0x0000000084000000, 0x0000000084100000, 0x0000000084100000|100%| O|  |TAMS 0x0000000084000000| PB 0x0000000084000000| Untracked 
|  65|0x0000000084100000, 0x0000000084200000, 0x0000000084200000|100%|HS|  |TAMS 0x0000000084100000| PB 0x0000000084100000| Complete 
|  66|0x0000000084200000, 0x0000000084300000, 0x0000000084300000|100%| O|  |TAMS 0x0000000084200000| PB 0x0000000084200000| Untracked 
|  67|0x0000000084300000, 0x0000000084400000, 0x0000000084400000|100%| O|  |TAMS 0x0000000084300000| PB 0x0000000084300000| Untracked 
|  68|0x0000000084400000, 0x0000000084500000, 0x0000000084500000|100%| O|  |TAMS 0x0000000084400000| PB 0x0000000084400000| Untracked 
|  69|0x0000000084500000, 0x0000000084600000, 0x0000000084600000|100%| O|  |TAMS 0x0000000084500000| PB 0x0000000084500000| Untracked 
|  70|0x0000000084600000, 0x0000000084700000, 0x0000000084700000|100%| O|  |TAMS 0x0000000084600000| PB 0x0000000084600000| Untracked 
|  71|0x0000000084700000, 0x0000000084800000, 0x0000000084800000|100%| O|  |TAMS 0x0000000084700000| PB 0x0000000084700000| Untracked 
|  72|0x0000000084800000, 0x0000000084900000, 0x0000000084900000|100%| O|  |TAMS 0x0000000084800000| PB 0x0000000084800000| Untracked 
|  73|0x0000000084900000, 0x0000000084a00000, 0x0000000084a00000|100%|HS|  |TAMS 0x0000000084900000| PB 0x0000000084900000| Complete 
|  74|0x0000000084a00000, 0x0000000084b00000, 0x0000000084b00000|100%|HC|  |TAMS 0x0000000084a00000| PB 0x0000000084a00000| Complete 
|  75|0x0000000084b00000, 0x0000000084c00000, 0x0000000084c00000|100%| O|  |TAMS 0x0000000084b00000| PB 0x0000000084b00000| Untracked 
|  76|0x0000000084c00000, 0x0000000084d00000, 0x0000000084d00000|100%| O|  |TAMS 0x0000000084c00000| PB 0x0000000084c00000| Untracked 
|  77|0x0000000084d00000, 0x0000000084e00000, 0x0000000084e00000|100%| O|  |TAMS 0x0000000084d00000| PB 0x0000000084d00000| Untracked 
|  78|0x0000000084e00000, 0x0000000084f00000, 0x0000000084f00000|100%| O|  |TAMS 0x0000000084e00000| PB 0x0000000084e00000| Untracked 
|  79|0x0000000084f00000, 0x0000000085000000, 0x0000000085000000|100%|HS|  |TAMS 0x0000000084f00000| PB 0x0000000084f00000| Complete 
|  80|0x0000000085000000, 0x0000000085100000, 0x0000000085100000|100%|HS|  |TAMS 0x0000000085000000| PB 0x0000000085000000| Complete 
|  81|0x0000000085100000, 0x0000000085200000, 0x0000000085200000|100%| O|  |TAMS 0x0000000085100000| PB 0x0000000085100000| Untracked 
|  82|0x0000000085200000, 0x0000000085300000, 0x0000000085300000|100%| O|  |TAMS 0x0000000085200000| PB 0x0000000085200000| Untracked 
|  83|0x0000000085300000, 0x0000000085400000, 0x0000000085400000|100%| O|  |TAMS 0x0000000085300000| PB 0x0000000085300000| Untracked 
|  84|0x0000000085400000, 0x0000000085500000, 0x0000000085500000|100%|HS|  |TAMS 0x0000000085400000| PB 0x0000000085400000| Complete 
|  85|0x0000000085500000, 0x0000000085600000, 0x0000000085600000|100%|HS|  |TAMS 0x0000000085500000| PB 0x0000000085500000| Complete 
|  86|0x0000000085600000, 0x0000000085700000, 0x0000000085700000|100%|HS|  |TAMS 0x0000000085600000| PB 0x0000000085600000| Complete 
|  87|0x0000000085700000, 0x0000000085800000, 0x0000000085800000|100%| O|  |TAMS 0x0000000085700000| PB 0x0000000085700000| Untracked 
|  88|0x0000000085800000, 0x0000000085900000, 0x0000000085900000|100%| O|  |TAMS 0x0000000085800000| PB 0x0000000085800000| Untracked 
|  89|0x0000000085900000, 0x0000000085a00000, 0x0000000085a00000|100%|HS|  |TAMS 0x0000000085900000| PB 0x0000000085900000| Complete 
|  90|0x0000000085a00000, 0x0000000085b00000, 0x0000000085b00000|100%|HC|  |TAMS 0x0000000085a00000| PB 0x0000000085a00000| Complete 
|  91|0x0000000085b00000, 0x0000000085c00000, 0x0000000085c00000|100%| O|  |TAMS 0x0000000085b00000| PB 0x0000000085b00000| Untracked 
|  92|0x0000000085c00000, 0x0000000085d00000, 0x0000000085d00000|100%| O|  |TAMS 0x0000000085c00000| PB 0x0000000085c00000| Untracked 
|  93|0x0000000085d00000, 0x0000000085e00000, 0x0000000085e00000|100%| O|  |TAMS 0x0000000085d00000| PB 0x0000000085d00000| Untracked 
|  94|0x0000000085e00000, 0x0000000085f00000, 0x0000000085f00000|100%| O|  |TAMS 0x0000000085e00000| PB 0x0000000085e00000| Untracked 
|  95|0x0000000085f00000, 0x0000000086000000, 0x0000000086000000|100%| O|  |TAMS 0x0000000085f00000| PB 0x0000000085f00000| Untracked 
|  96|0x0000000086000000, 0x0000000086100000, 0x0000000086100000|100%| O|  |TAMS 0x0000000086000000| PB 0x0000000086000000| Untracked 
|  97|0x0000000086100000, 0x0000000086200000, 0x0000000086200000|100%| O|  |TAMS 0x0000000086100000| PB 0x0000000086100000| Untracked 
|  98|0x0000000086200000, 0x0000000086300000, 0x0000000086300000|100%| O|  |TAMS 0x0000000086200000| PB 0x0000000086200000| Untracked 
|  99|0x0000000086300000, 0x0000000086400000, 0x0000000086400000|100%| O|  |TAMS 0x0000000086300000| PB 0x0000000086300000| Untracked 
| 100|0x0000000086400000, 0x0000000086500000, 0x0000000086500000|100%| O|  |TAMS 0x0000000086400000| PB 0x0000000086400000| Untracked 
| 101|0x0000000086500000, 0x0000000086600000, 0x0000000086600000|100%| O|  |TAMS 0x0000000086500000| PB 0x0000000086500000| Untracked 
| 102|0x0000000086600000, 0x0000000086700000, 0x0000000086700000|100%| O|  |TAMS 0x0000000086600000| PB 0x0000000086600000| Untracked 
| 103|0x0000000086700000, 0x0000000086800000, 0x0000000086800000|100%| O|  |TAMS 0x0000000086700000| PB 0x0000000086700000| Untracked 
| 104|0x0000000086800000, 0x0000000086900000, 0x0000000086900000|100%| O|  |TAMS 0x0000000086800000| PB 0x0000000086800000| Untracked 
| 105|0x0000000086900000, 0x0000000086a00000, 0x0000000086a00000|100%| O|  |TAMS 0x0000000086900000| PB 0x0000000086900000| Untracked 
| 106|0x0000000086a00000, 0x0000000086b00000, 0x0000000086b00000|100%| O|  |TAMS 0x0000000086a00000| PB 0x0000000086a00000| Untracked 
| 107|0x0000000086b00000, 0x0000000086c00000, 0x0000000086c00000|100%| O|  |TAMS 0x0000000086b00000| PB 0x0000000086b00000| Untracked 
| 108|0x0000000086c00000, 0x0000000086d00000, 0x0000000086d00000|100%| O|  |TAMS 0x0000000086c00000| PB 0x0000000086c00000| Untracked 
| 109|0x0000000086d00000, 0x0000000086e00000, 0x0000000086e00000|100%| O|  |TAMS 0x0000000086d00000| PB 0x0000000086d00000| Untracked 
| 110|0x0000000086e00000, 0x0000000086f00000, 0x0000000086f00000|100%| O|  |TAMS 0x0000000086e00000| PB 0x0000000086e00000| Untracked 
| 111|0x0000000086f00000, 0x0000000087000000, 0x0000000087000000|100%| O|  |TAMS 0x0000000086f00000| PB 0x0000000086f00000| Untracked 
| 112|0x0000000087000000, 0x0000000087100000, 0x0000000087100000|100%| O|  |TAMS 0x0000000087000000| PB 0x0000000087000000| Untracked 
| 113|0x0000000087100000, 0x0000000087200000, 0x0000000087200000|100%| O|  |TAMS 0x0000000087100000| PB 0x0000000087100000| Untracked 
| 114|0x0000000087200000, 0x0000000087300000, 0x0000000087300000|100%| O|  |TAMS 0x0000000087200000| PB 0x0000000087200000| Untracked 
| 115|0x0000000087300000, 0x0000000087400000, 0x0000000087400000|100%| O|  |TAMS 0x0000000087300000| PB 0x0000000087300000| Untracked 
| 116|0x0000000087400000, 0x0000000087500000, 0x0000000087500000|100%| O|  |TAMS 0x0000000087400000| PB 0x0000000087400000| Untracked 
| 117|0x0000000087500000, 0x0000000087600000, 0x0000000087600000|100%| O|  |TAMS 0x0000000087500000| PB 0x0000000087500000| Untracked 
| 118|0x0000000087600000, 0x0000000087700000, 0x0000000087700000|100%| O|  |TAMS 0x0000000087600000| PB 0x0000000087600000| Untracked 
| 119|0x0000000087700000, 0x0000000087800000, 0x0000000087800000|100%| O|  |TAMS 0x0000000087700000| PB 0x0000000087700000| Untracked 
| 120|0x0000000087800000, 0x0000000087900000, 0x0000000087900000|100%|HS|  |TAMS 0x0000000087800000| PB 0x0000000087800000| Complete 
| 121|0x0000000087900000, 0x0000000087a00000, 0x0000000087a00000|100%| O|  |TAMS 0x0000000087900000| PB 0x0000000087900000| Untracked 
| 122|0x0000000087a00000, 0x0000000087b00000, 0x0000000087b00000|100%|HS|  |TAMS 0x0000000087a00000| PB 0x0000000087a00000| Complete 
| 123|0x0000000087b00000, 0x0000000087c00000, 0x0000000087c00000|100%|HS|  |TAMS 0x0000000087b00000| PB 0x0000000087b00000| Complete 
| 124|0x0000000087c00000, 0x0000000087d00000, 0x0000000087d00000|100%|HS|  |TAMS 0x0000000087c00000| PB 0x0000000087c00000| Complete 
| 125|0x0000000087d00000, 0x0000000087e00000, 0x0000000087e00000|100%|HS|  |TAMS 0x0000000087d00000| PB 0x0000000087d00000| Complete 
| 126|0x0000000087e00000, 0x0000000087f00000, 0x0000000087f00000|100%| O|  |TAMS 0x0000000087e00000| PB 0x0000000087e00000| Untracked 
| 127|0x0000000087f00000, 0x0000000088000000, 0x0000000088000000|100%| O|  |TAMS 0x0000000087f00000| PB 0x0000000087f00000| Untracked 
| 128|0x0000000088000000, 0x0000000088100000, 0x0000000088100000|100%| O|  |TAMS 0x0000000088000000| PB 0x0000000088000000| Untracked 
| 129|0x0000000088100000, 0x0000000088200000, 0x0000000088200000|100%| O|  |TAMS 0x0000000088100000| PB 0x0000000088100000| Untracked 
| 130|0x0000000088200000, 0x0000000088300000, 0x0000000088300000|100%| O|  |TAMS 0x0000000088200000| PB 0x0000000088200000| Untracked 
| 131|0x0000000088300000, 0x0000000088400000, 0x0000000088400000|100%| O|  |TAMS 0x0000000088300000| PB 0x0000000088300000| Untracked 
| 132|0x0000000088400000, 0x0000000088500000, 0x0000000088500000|100%| O|  |TAMS 0x0000000088400000| PB 0x0000000088400000| Untracked 
| 133|0x0000000088500000, 0x0000000088600000, 0x0000000088600000|100%| O|  |TAMS 0x0000000088500000| PB 0x0000000088500000| Untracked 
| 134|0x0000000088600000, 0x0000000088700000, 0x0000000088700000|100%| O|  |TAMS 0x0000000088600000| PB 0x0000000088600000| Untracked 
| 135|0x0000000088700000, 0x0000000088800000, 0x0000000088800000|100%| O|  |TAMS 0x0000000088700000| PB 0x0000000088700000| Untracked 
| 136|0x0000000088800000, 0x0000000088900000, 0x0000000088900000|100%| O|  |TAMS 0x0000000088800000| PB 0x0000000088800000| Untracked 
| 137|0x0000000088900000, 0x0000000088a00000, 0x0000000088a00000|100%| O|  |TAMS 0x0000000088900000| PB 0x0000000088900000| Untracked 
| 138|0x0000000088a00000, 0x0000000088b00000, 0x0000000088b00000|100%| O|  |TAMS 0x0000000088a00000| PB 0x0000000088a00000| Untracked 
| 139|0x0000000088b00000, 0x0000000088c00000, 0x0000000088c00000|100%| O|  |TAMS 0x0000000088b00000| PB 0x0000000088b00000| Untracked 
| 140|0x0000000088c00000, 0x0000000088d00000, 0x0000000088d00000|100%|HS|  |TAMS 0x0000000088c00000| PB 0x0000000088c00000| Complete 
| 141|0x0000000088d00000, 0x0000000088e00000, 0x0000000088e00000|100%|HC|  |TAMS 0x0000000088d00000| PB 0x0000000088d00000| Complete 
| 142|0x0000000088e00000, 0x0000000088f00000, 0x0000000088f00000|100%|HS|  |TAMS 0x0000000088e00000| PB 0x0000000088e00000| Complete 
| 143|0x0000000088f00000, 0x0000000089000000, 0x0000000089000000|100%|HS|  |TAMS 0x0000000088f00000| PB 0x0000000088f00000| Complete 
| 144|0x0000000089000000, 0x0000000089100000, 0x0000000089100000|100%|HS|  |TAMS 0x0000000089000000| PB 0x0000000089000000| Complete 
| 145|0x0000000089100000, 0x0000000089200000, 0x0000000089200000|100%|HC|  |TAMS 0x0000000089100000| PB 0x0000000089100000| Complete 
| 146|0x0000000089200000, 0x0000000089300000, 0x0000000089300000|100%|HC|  |TAMS 0x0000000089200000| PB 0x0000000089200000| Complete 
| 147|0x0000000089300000, 0x0000000089400000, 0x0000000089400000|100%|HC|  |TAMS 0x0000000089300000| PB 0x0000000089300000| Complete 
| 148|0x0000000089400000, 0x0000000089500000, 0x0000000089500000|100%| O|  |TAMS 0x0000000089400000| PB 0x0000000089400000| Untracked 
| 149|0x0000000089500000, 0x0000000089600000, 0x0000000089600000|100%|HS|  |TAMS 0x0000000089500000| PB 0x0000000089500000| Complete 
| 150|0x0000000089600000, 0x0000000089700000, 0x0000000089700000|100%| O|  |TAMS 0x0000000089600000| PB 0x0000000089600000| Untracked 
| 151|0x0000000089700000, 0x0000000089800000, 0x0000000089800000|100%| O|  |TAMS 0x0000000089700000| PB 0x0000000089700000| Untracked 
| 152|0x0000000089800000, 0x0000000089900000, 0x0000000089900000|100%| O|  |TAMS 0x0000000089800000| PB 0x0000000089800000| Untracked 
| 153|0x0000000089900000, 0x0000000089a00000, 0x0000000089a00000|100%| O|  |TAMS 0x0000000089900000| PB 0x0000000089900000| Untracked 
| 154|0x0000000089a00000, 0x0000000089b00000, 0x0000000089b00000|100%| O|  |TAMS 0x0000000089a00000| PB 0x0000000089a00000| Untracked 
| 155|0x0000000089b00000, 0x0000000089c00000, 0x0000000089c00000|100%| O|  |TAMS 0x0000000089b00000| PB 0x0000000089b00000| Untracked 
| 156|0x0000000089c00000, 0x0000000089d00000, 0x0000000089d00000|100%| O|  |TAMS 0x0000000089c00000| PB 0x0000000089c00000| Untracked 
| 157|0x0000000089d00000, 0x0000000089e00000, 0x0000000089e00000|100%| O|  |TAMS 0x0000000089d00000| PB 0x0000000089d00000| Untracked 
| 158|0x0000000089e00000, 0x0000000089f00000, 0x0000000089f00000|100%| O|  |TAMS 0x0000000089e00000| PB 0x0000000089e00000| Untracked 
| 159|0x0000000089f00000, 0x000000008a000000, 0x000000008a000000|100%| O|  |TAMS 0x0000000089f00000| PB 0x0000000089f00000| Untracked 
| 160|0x000000008a000000, 0x000000008a100000, 0x000000008a100000|100%| O|  |TAMS 0x000000008a000000| PB 0x000000008a000000| Untracked 
| 161|0x000000008a100000, 0x000000008a200000, 0x000000008a200000|100%| O|  |TAMS 0x000000008a100000| PB 0x000000008a100000| Untracked 
| 162|0x000000008a200000, 0x000000008a300000, 0x000000008a300000|100%| O|  |TAMS 0x000000008a200000| PB 0x000000008a200000| Untracked 
| 163|0x000000008a300000, 0x000000008a400000, 0x000000008a400000|100%| O|  |TAMS 0x000000008a300000| PB 0x000000008a300000| Untracked 
| 164|0x000000008a400000, 0x000000008a500000, 0x000000008a500000|100%| O|  |TAMS 0x000000008a400000| PB 0x000000008a400000| Untracked 
| 165|0x000000008a500000, 0x000000008a600000, 0x000000008a600000|100%| O|  |TAMS 0x000000008a500000| PB 0x000000008a500000| Untracked 
| 166|0x000000008a600000, 0x000000008a700000, 0x000000008a700000|100%| O|  |TAMS 0x000000008a600000| PB 0x000000008a600000| Untracked 
| 167|0x000000008a700000, 0x000000008a800000, 0x000000008a800000|100%| O|  |TAMS 0x000000008a700000| PB 0x000000008a700000| Untracked 
| 168|0x000000008a800000, 0x000000008a900000, 0x000000008a900000|100%| O|  |TAMS 0x000000008a800000| PB 0x000000008a800000| Untracked 
| 169|0x000000008a900000, 0x000000008aa00000, 0x000000008aa00000|100%| O|  |TAMS 0x000000008a900000| PB 0x000000008a900000| Untracked 
| 170|0x000000008aa00000, 0x000000008ab00000, 0x000000008ab00000|100%| O|  |TAMS 0x000000008aa00000| PB 0x000000008aa00000| Untracked 
| 171|0x000000008ab00000, 0x000000008ac00000, 0x000000008ac00000|100%| O|  |TAMS 0x000000008ab00000| PB 0x000000008ab00000| Untracked 
| 172|0x000000008ac00000, 0x000000008ad00000, 0x000000008ad00000|100%| O|  |TAMS 0x000000008ac00000| PB 0x000000008ac00000| Untracked 
| 173|0x000000008ad00000, 0x000000008ae00000, 0x000000008ae00000|100%| O|  |TAMS 0x000000008ad00000| PB 0x000000008ad00000| Untracked 
| 174|0x000000008ae00000, 0x000000008af00000, 0x000000008af00000|100%| O|  |TAMS 0x000000008ae00000| PB 0x000000008ae00000| Untracked 
| 175|0x000000008af00000, 0x000000008b000000, 0x000000008b000000|100%| O|  |TAMS 0x000000008af00000| PB 0x000000008af00000| Untracked 
| 176|0x000000008b000000, 0x000000008b100000, 0x000000008b100000|100%| O|  |TAMS 0x000000008b000000| PB 0x000000008b000000| Untracked 
| 177|0x000000008b100000, 0x000000008b200000, 0x000000008b200000|100%| O|  |TAMS 0x000000008b100000| PB 0x000000008b100000| Untracked 
| 178|0x000000008b200000, 0x000000008b300000, 0x000000008b300000|100%| O|  |TAMS 0x000000008b200000| PB 0x000000008b200000| Untracked 
| 179|0x000000008b300000, 0x000000008b400000, 0x000000008b400000|100%| O|  |TAMS 0x000000008b300000| PB 0x000000008b300000| Untracked 
| 180|0x000000008b400000, 0x000000008b500000, 0x000000008b500000|100%| O|  |TAMS 0x000000008b400000| PB 0x000000008b400000| Untracked 
| 181|0x000000008b500000, 0x000000008b600000, 0x000000008b600000|100%| O|  |TAMS 0x000000008b500000| PB 0x000000008b500000| Untracked 
| 182|0x000000008b600000, 0x000000008b700000, 0x000000008b700000|100%| O|  |TAMS 0x000000008b600000| PB 0x000000008b600000| Untracked 
| 183|0x000000008b700000, 0x000000008b800000, 0x000000008b800000|100%| O|  |TAMS 0x000000008b700000| PB 0x000000008b700000| Untracked 
| 184|0x000000008b800000, 0x000000008b900000, 0x000000008b900000|100%| O|  |TAMS 0x000000008b800000| PB 0x000000008b800000| Untracked 
| 185|0x000000008b900000, 0x000000008ba00000, 0x000000008ba00000|100%| O|  |TAMS 0x000000008b900000| PB 0x000000008b900000| Untracked 
| 186|0x000000008ba00000, 0x000000008bb00000, 0x000000008bb00000|100%| O|  |TAMS 0x000000008ba00000| PB 0x000000008ba00000| Untracked 
| 187|0x000000008bb00000, 0x000000008bc00000, 0x000000008bc00000|100%| O|  |TAMS 0x000000008bb00000| PB 0x000000008bb00000| Untracked 
| 188|0x000000008bc00000, 0x000000008bd00000, 0x000000008bd00000|100%| O|  |TAMS 0x000000008bc00000| PB 0x000000008bc00000| Untracked 
| 189|0x000000008bd00000, 0x000000008be00000, 0x000000008be00000|100%| O|  |TAMS 0x000000008bd00000| PB 0x000000008bd00000| Untracked 
| 190|0x000000008be00000, 0x000000008bf00000, 0x000000008bf00000|100%| O|  |TAMS 0x000000008be00000| PB 0x000000008be00000| Untracked 
| 191|0x000000008bf00000, 0x000000008c000000, 0x000000008c000000|100%| O|  |TAMS 0x000000008bf00000| PB 0x000000008bf00000| Untracked 
| 192|0x000000008c000000, 0x000000008c100000, 0x000000008c100000|100%| O|  |TAMS 0x000000008c000000| PB 0x000000008c000000| Untracked 
| 193|0x000000008c100000, 0x000000008c200000, 0x000000008c200000|100%| O|  |TAMS 0x000000008c100000| PB 0x000000008c100000| Untracked 
| 194|0x000000008c200000, 0x000000008c300000, 0x000000008c300000|100%| O|  |TAMS 0x000000008c200000| PB 0x000000008c200000| Untracked 
| 195|0x000000008c300000, 0x000000008c400000, 0x000000008c400000|100%| O|  |TAMS 0x000000008c300000| PB 0x000000008c300000| Untracked 
| 196|0x000000008c400000, 0x000000008c500000, 0x000000008c500000|100%| O|  |TAMS 0x000000008c400000| PB 0x000000008c400000| Untracked 
| 197|0x000000008c500000, 0x000000008c600000, 0x000000008c600000|100%| O|  |TAMS 0x000000008c500000| PB 0x000000008c500000| Untracked 
| 198|0x000000008c600000, 0x000000008c700000, 0x000000008c700000|100%| O|  |TAMS 0x000000008c600000| PB 0x000000008c600000| Untracked 
| 199|0x000000008c700000, 0x000000008c800000, 0x000000008c800000|100%| O|  |TAMS 0x000000008c700000| PB 0x000000008c700000| Untracked 
| 200|0x000000008c800000, 0x000000008c900000, 0x000000008c900000|100%| O|  |TAMS 0x000000008c800000| PB 0x000000008c800000| Untracked 
| 201|0x000000008c900000, 0x000000008ca00000, 0x000000008ca00000|100%|HS|  |TAMS 0x000000008c900000| PB 0x000000008c900000| Complete 
| 202|0x000000008ca00000, 0x000000008cb00000, 0x000000008cb00000|100%|HS|  |TAMS 0x000000008ca00000| PB 0x000000008ca00000| Complete 
| 203|0x000000008cb00000, 0x000000008cc00000, 0x000000008cc00000|100%|HC|  |TAMS 0x000000008cb00000| PB 0x000000008cb00000| Complete 
| 204|0x000000008cc00000, 0x000000008cd00000, 0x000000008cd00000|100%|HS|  |TAMS 0x000000008cc00000| PB 0x000000008cc00000| Complete 
| 205|0x000000008cd00000, 0x000000008ce00000, 0x000000008ce00000|100%|HS|  |TAMS 0x000000008cd00000| PB 0x000000008cd00000| Complete 
| 206|0x000000008ce00000, 0x000000008cf00000, 0x000000008cf00000|100%|HS|  |TAMS 0x000000008ce00000| PB 0x000000008ce00000| Complete 
| 207|0x000000008cf00000, 0x000000008d000000, 0x000000008d000000|100%|HS|  |TAMS 0x000000008cf00000| PB 0x000000008cf00000| Complete 
| 208|0x000000008d000000, 0x000000008d100000, 0x000000008d100000|100%| O|  |TAMS 0x000000008d000000| PB 0x000000008d000000| Untracked 
| 209|0x000000008d100000, 0x000000008d200000, 0x000000008d200000|100%|HS|  |TAMS 0x000000008d100000| PB 0x000000008d100000| Complete 
| 210|0x000000008d200000, 0x000000008d300000, 0x000000008d300000|100%| O|  |TAMS 0x000000008d200000| PB 0x000000008d200000| Untracked 
| 211|0x000000008d300000, 0x000000008d400000, 0x000000008d400000|100%| O|  |TAMS 0x000000008d300000| PB 0x000000008d300000| Untracked 
| 212|0x000000008d400000, 0x000000008d500000, 0x000000008d500000|100%| O|  |TAMS 0x000000008d400000| PB 0x000000008d400000| Untracked 
| 213|0x000000008d500000, 0x000000008d600000, 0x000000008d600000|100%| O|  |TAMS 0x000000008d500000| PB 0x000000008d500000| Untracked 
| 214|0x000000008d600000, 0x000000008d700000, 0x000000008d700000|100%| O|  |TAMS 0x000000008d600000| PB 0x000000008d600000| Untracked 
| 215|0x000000008d700000, 0x000000008d800000, 0x000000008d800000|100%| O|  |TAMS 0x000000008d700000| PB 0x000000008d700000| Untracked 
| 216|0x000000008d800000, 0x000000008d900000, 0x000000008d900000|100%| O|  |TAMS 0x000000008d800000| PB 0x000000008d800000| Untracked 
| 217|0x000000008d900000, 0x000000008da00000, 0x000000008da00000|100%| O|  |TAMS 0x000000008d900000| PB 0x000000008d900000| Untracked 
| 218|0x000000008da00000, 0x000000008db00000, 0x000000008db00000|100%| O|  |TAMS 0x000000008da00000| PB 0x000000008da00000| Untracked 
| 219|0x000000008db00000, 0x000000008dc00000, 0x000000008dc00000|100%| O|  |TAMS 0x000000008db00000| PB 0x000000008db00000| Untracked 
| 220|0x000000008dc00000, 0x000000008dd00000, 0x000000008dd00000|100%| O|  |TAMS 0x000000008dc00000| PB 0x000000008dc00000| Untracked 
| 221|0x000000008dd00000, 0x000000008de00000, 0x000000008de00000|100%| O|  |TAMS 0x000000008dd00000| PB 0x000000008dd00000| Untracked 
| 222|0x000000008de00000, 0x000000008df00000, 0x000000008df00000|100%| O|  |TAMS 0x000000008de00000| PB 0x000000008de00000| Untracked 
| 223|0x000000008df00000, 0x000000008e000000, 0x000000008e000000|100%| O|  |TAMS 0x000000008df00000| PB 0x000000008df00000| Untracked 
| 224|0x000000008e000000, 0x000000008e100000, 0x000000008e100000|100%| O|  |TAMS 0x000000008e000000| PB 0x000000008e000000| Untracked 
| 225|0x000000008e100000, 0x000000008e200000, 0x000000008e200000|100%| O|  |TAMS 0x000000008e100000| PB 0x000000008e100000| Untracked 
| 226|0x000000008e200000, 0x000000008e300000, 0x000000008e300000|100%| O|  |TAMS 0x000000008e200000| PB 0x000000008e200000| Untracked 
| 227|0x000000008e300000, 0x000000008e400000, 0x000000008e400000|100%| O|  |TAMS 0x000000008e300000| PB 0x000000008e300000| Untracked 
| 228|0x000000008e400000, 0x000000008e500000, 0x000000008e500000|100%| O|  |TAMS 0x000000008e400000| PB 0x000000008e400000| Untracked 
| 229|0x000000008e500000, 0x000000008e600000, 0x000000008e600000|100%| O|  |TAMS 0x000000008e500000| PB 0x000000008e500000| Untracked 
| 230|0x000000008e600000, 0x000000008e700000, 0x000000008e700000|100%| O|  |TAMS 0x000000008e600000| PB 0x000000008e600000| Untracked 
| 231|0x000000008e700000, 0x000000008e800000, 0x000000008e800000|100%| O|  |TAMS 0x000000008e700000| PB 0x000000008e700000| Untracked 
| 232|0x000000008e800000, 0x000000008e900000, 0x000000008e900000|100%| O|  |TAMS 0x000000008e800000| PB 0x000000008e800000| Untracked 
| 233|0x000000008e900000, 0x000000008ea00000, 0x000000008ea00000|100%| O|  |TAMS 0x000000008e900000| PB 0x000000008e900000| Untracked 
| 234|0x000000008ea00000, 0x000000008eb00000, 0x000000008eb00000|100%| O|  |TAMS 0x000000008ea00000| PB 0x000000008ea00000| Untracked 
| 235|0x000000008eb00000, 0x000000008ec00000, 0x000000008ec00000|100%| O|Cm|TAMS 0x000000008eb00000| PB 0x000000008eb00000| Complete 
| 236|0x000000008ec00000, 0x000000008ed00000, 0x000000008ed00000|100%| O|  |TAMS 0x000000008ec00000| PB 0x000000008ec00000| Untracked 
| 237|0x000000008ed00000, 0x000000008ee00000, 0x000000008ee00000|100%| O|  |TAMS 0x000000008ed00000| PB 0x000000008ed00000| Untracked 
| 238|0x000000008ee00000, 0x000000008ef00000, 0x000000008ef00000|100%| O|  |TAMS 0x000000008ee00000| PB 0x000000008ee00000| Untracked 
| 239|0x000000008ef00000, 0x000000008f000000, 0x000000008f000000|100%| O|  |TAMS 0x000000008ef00000| PB 0x000000008ef00000| Untracked 
| 240|0x000000008f000000, 0x000000008f100000, 0x000000008f100000|100%| O|  |TAMS 0x000000008f000000| PB 0x000000008f000000| Untracked 
| 241|0x000000008f100000, 0x000000008f200000, 0x000000008f200000|100%| O|  |TAMS 0x000000008f100000| PB 0x000000008f100000| Untracked 
| 242|0x000000008f200000, 0x000000008f300000, 0x000000008f300000|100%| O|  |TAMS 0x000000008f200000| PB 0x000000008f200000| Untracked 
| 243|0x000000008f300000, 0x000000008f400000, 0x000000008f400000|100%| O|  |TAMS 0x000000008f300000| PB 0x000000008f300000| Untracked 
| 244|0x000000008f400000, 0x000000008f500000, 0x000000008f500000|100%| O|  |TAMS 0x000000008f400000| PB 0x000000008f400000| Untracked 
| 245|0x000000008f500000, 0x000000008f600000, 0x000000008f600000|100%| O|  |TAMS 0x000000008f500000| PB 0x000000008f500000| Untracked 
| 246|0x000000008f600000, 0x000000008f700000, 0x000000008f700000|100%| O|  |TAMS 0x000000008f600000| PB 0x000000008f600000| Untracked 
| 247|0x000000008f700000, 0x000000008f800000, 0x000000008f800000|100%| O|  |TAMS 0x000000008f700000| PB 0x000000008f700000| Untracked 
| 248|0x000000008f800000, 0x000000008f900000, 0x000000008f900000|100%| O|  |TAMS 0x000000008f800000| PB 0x000000008f800000| Untracked 
| 249|0x000000008f900000, 0x000000008fa00000, 0x000000008fa00000|100%| O|  |TAMS 0x000000008f900000| PB 0x000000008f900000| Untracked 
| 250|0x000000008fa00000, 0x000000008fb00000, 0x000000008fb00000|100%| O|  |TAMS 0x000000008fa00000| PB 0x000000008fa00000| Untracked 
| 251|0x000000008fb00000, 0x000000008fc00000, 0x000000008fc00000|100%| O|  |TAMS 0x000000008fb00000| PB 0x000000008fb00000| Untracked 
| 252|0x000000008fc00000, 0x000000008fd00000, 0x000000008fd00000|100%| O|  |TAMS 0x000000008fc00000| PB 0x000000008fc00000| Untracked 
| 253|0x000000008fd00000, 0x000000008fe00000, 0x000000008fe00000|100%| O|  |TAMS 0x000000008fd00000| PB 0x000000008fd00000| Untracked 
| 254|0x000000008fe00000, 0x000000008ff00000, 0x000000008ff00000|100%| O|  |TAMS 0x000000008fe00000| PB 0x000000008fe00000| Untracked 
| 255|0x000000008ff00000, 0x0000000090000000, 0x0000000090000000|100%| O|  |TAMS 0x000000008ff00000| PB 0x000000008ff00000| Untracked 
| 256|0x0000000090000000, 0x0000000090100000, 0x0000000090100000|100%| O|  |TAMS 0x0000000090000000| PB 0x0000000090000000| Untracked 
| 257|0x0000000090100000, 0x0000000090200000, 0x0000000090200000|100%| O|  |TAMS 0x0000000090100000| PB 0x0000000090100000| Untracked 
| 258|0x0000000090200000, 0x0000000090300000, 0x0000000090300000|100%| O|  |TAMS 0x0000000090200000| PB 0x0000000090200000| Untracked 
| 259|0x0000000090300000, 0x0000000090400000, 0x0000000090400000|100%| O|  |TAMS 0x0000000090300000| PB 0x0000000090300000| Untracked 
| 260|0x0000000090400000, 0x0000000090500000, 0x0000000090500000|100%| O|  |TAMS 0x0000000090400000| PB 0x0000000090400000| Untracked 
| 261|0x0000000090500000, 0x0000000090600000, 0x0000000090600000|100%| O|  |TAMS 0x0000000090500000| PB 0x0000000090500000| Untracked 
| 262|0x0000000090600000, 0x0000000090700000, 0x0000000090700000|100%| O|  |TAMS 0x0000000090600000| PB 0x0000000090600000| Untracked 
| 263|0x0000000090700000, 0x0000000090800000, 0x0000000090800000|100%| O|  |TAMS 0x0000000090700000| PB 0x0000000090700000| Untracked 
| 264|0x0000000090800000, 0x0000000090800000, 0x0000000090900000|  0%| F|  |TAMS 0x0000000090800000| PB 0x0000000090800000| Untracked 
| 265|0x0000000090900000, 0x0000000090a00000, 0x0000000090a00000|100%| O|  |TAMS 0x0000000090900000| PB 0x0000000090900000| Untracked 
| 266|0x0000000090a00000, 0x0000000090b00000, 0x0000000090b00000|100%| O|  |TAMS 0x0000000090a00000| PB 0x0000000090a00000| Untracked 
| 267|0x0000000090b00000, 0x0000000090c00000, 0x0000000090c00000|100%| O|  |TAMS 0x0000000090b00000| PB 0x0000000090b00000| Untracked 
| 268|0x0000000090c00000, 0x0000000090d00000, 0x0000000090d00000|100%| O|  |TAMS 0x0000000090c00000| PB 0x0000000090c00000| Untracked 
| 269|0x0000000090d00000, 0x0000000090e00000, 0x0000000090e00000|100%| O|  |TAMS 0x0000000090d00000| PB 0x0000000090d00000| Untracked 
| 270|0x0000000090e00000, 0x0000000090f00000, 0x0000000090f00000|100%| O|  |TAMS 0x0000000090e00000| PB 0x0000000090e00000| Untracked 
| 271|0x0000000090f00000, 0x0000000091000000, 0x0000000091000000|100%| O|  |TAMS 0x0000000090f00000| PB 0x0000000090f00000| Untracked 
| 272|0x0000000091000000, 0x0000000091100000, 0x0000000091100000|100%| O|  |TAMS 0x0000000091000000| PB 0x0000000091000000| Untracked 
| 273|0x0000000091100000, 0x0000000091200000, 0x0000000091200000|100%| O|  |TAMS 0x0000000091100000| PB 0x0000000091100000| Untracked 
| 274|0x0000000091200000, 0x0000000091300000, 0x0000000091300000|100%| O|  |TAMS 0x0000000091200000| PB 0x0000000091200000| Untracked 
| 275|0x0000000091300000, 0x0000000091400000, 0x0000000091400000|100%| O|  |TAMS 0x0000000091300000| PB 0x0000000091300000| Untracked 
| 276|0x0000000091400000, 0x0000000091500000, 0x0000000091500000|100%| O|  |TAMS 0x0000000091400000| PB 0x0000000091400000| Untracked 
| 277|0x0000000091500000, 0x0000000091600000, 0x0000000091600000|100%| O|  |TAMS 0x0000000091500000| PB 0x0000000091500000| Untracked 
| 278|0x0000000091600000, 0x0000000091700000, 0x0000000091700000|100%| O|  |TAMS 0x0000000091600000| PB 0x0000000091600000| Untracked 
| 279|0x0000000091700000, 0x0000000091800000, 0x0000000091800000|100%| O|  |TAMS 0x0000000091700000| PB 0x0000000091700000| Untracked 
| 280|0x0000000091800000, 0x0000000091900000, 0x0000000091900000|100%| O|  |TAMS 0x0000000091800000| PB 0x0000000091800000| Untracked 
| 281|0x0000000091900000, 0x0000000091a00000, 0x0000000091a00000|100%| O|  |TAMS 0x0000000091900000| PB 0x0000000091900000| Untracked 
| 282|0x0000000091a00000, 0x0000000091b00000, 0x0000000091b00000|100%| O|  |TAMS 0x0000000091a00000| PB 0x0000000091a00000| Untracked 
| 283|0x0000000091b00000, 0x0000000091c00000, 0x0000000091c00000|100%| O|  |TAMS 0x0000000091b00000| PB 0x0000000091b00000| Untracked 
| 284|0x0000000091c00000, 0x0000000091d00000, 0x0000000091d00000|100%| O|  |TAMS 0x0000000091c00000| PB 0x0000000091c00000| Untracked 
| 285|0x0000000091d00000, 0x0000000091e00000, 0x0000000091e00000|100%| O|  |TAMS 0x0000000091d00000| PB 0x0000000091d00000| Untracked 
| 286|0x0000000091e00000, 0x0000000091f00000, 0x0000000091f00000|100%| O|  |TAMS 0x0000000091e00000| PB 0x0000000091e00000| Untracked 
| 287|0x0000000091f00000, 0x0000000092000000, 0x0000000092000000|100%| O|Cm|TAMS 0x0000000091f00000| PB 0x0000000091f00000| Complete 
| 288|0x0000000092000000, 0x0000000092100000, 0x0000000092100000|100%| O|  |TAMS 0x0000000092000000| PB 0x0000000092000000| Untracked 
| 289|0x0000000092100000, 0x0000000092200000, 0x0000000092200000|100%|HS|  |TAMS 0x0000000092100000| PB 0x0000000092100000| Complete 
| 290|0x0000000092200000, 0x0000000092300000, 0x0000000092300000|100%|HC|  |TAMS 0x0000000092200000| PB 0x0000000092200000| Complete 
| 291|0x0000000092300000, 0x0000000092400000, 0x0000000092400000|100%| O|  |TAMS 0x0000000092300000| PB 0x0000000092300000| Untracked 
| 292|0x0000000092400000, 0x0000000092500000, 0x0000000092500000|100%| O|  |TAMS 0x0000000092400000| PB 0x0000000092400000| Untracked 
| 293|0x0000000092500000, 0x0000000092600000, 0x0000000092600000|100%| O|  |TAMS 0x0000000092500000| PB 0x0000000092500000| Untracked 
| 294|0x0000000092600000, 0x0000000092700000, 0x0000000092700000|100%| O|  |TAMS 0x0000000092600000| PB 0x0000000092600000| Untracked 
| 295|0x0000000092700000, 0x0000000092800000, 0x0000000092800000|100%| O|  |TAMS 0x0000000092700000| PB 0x0000000092700000| Untracked 
| 296|0x0000000092800000, 0x0000000092900000, 0x0000000092900000|100%| O|  |TAMS 0x0000000092800000| PB 0x0000000092800000| Untracked 
| 297|0x0000000092900000, 0x0000000092a00000, 0x0000000092a00000|100%| O|  |TAMS 0x0000000092900000| PB 0x0000000092900000| Untracked 
| 298|0x0000000092a00000, 0x0000000092b00000, 0x0000000092b00000|100%| O|  |TAMS 0x0000000092a00000| PB 0x0000000092a00000| Untracked 
| 299|0x0000000092b00000, 0x0000000092c00000, 0x0000000092c00000|100%| O|  |TAMS 0x0000000092b00000| PB 0x0000000092b00000| Untracked 
| 300|0x0000000092c00000, 0x0000000092d00000, 0x0000000092d00000|100%| O|  |TAMS 0x0000000092c00000| PB 0x0000000092c00000| Untracked 
| 301|0x0000000092d00000, 0x0000000092e00000, 0x0000000092e00000|100%| O|  |TAMS 0x0000000092d00000| PB 0x0000000092d00000| Untracked 
| 302|0x0000000092e00000, 0x0000000092f00000, 0x0000000092f00000|100%| O|  |TAMS 0x0000000092e00000| PB 0x0000000092e00000| Untracked 
| 303|0x0000000092f00000, 0x0000000093000000, 0x0000000093000000|100%|HS|  |TAMS 0x0000000092f00000| PB 0x0000000092f00000| Complete 
| 304|0x0000000093000000, 0x0000000093100000, 0x0000000093100000|100%|HC|  |TAMS 0x0000000093000000| PB 0x0000000093000000| Complete 
| 305|0x0000000093100000, 0x0000000093200000, 0x0000000093200000|100%|HC|  |TAMS 0x0000000093100000| PB 0x0000000093100000| Complete 
| 306|0x0000000093200000, 0x0000000093300000, 0x0000000093300000|100%|HC|  |TAMS 0x0000000093200000| PB 0x0000000093200000| Complete 
| 307|0x0000000093300000, 0x0000000093400000, 0x0000000093400000|100%| O|  |TAMS 0x0000000093300000| PB 0x0000000093300000| Untracked 
| 308|0x0000000093400000, 0x0000000093500000, 0x0000000093500000|100%| O|Cm|TAMS 0x0000000093400000| PB 0x0000000093400000| Complete 
| 309|0x0000000093500000, 0x0000000093600000, 0x0000000093600000|100%| O|  |TAMS 0x0000000093500000| PB 0x0000000093500000| Untracked 
| 310|0x0000000093600000, 0x0000000093700000, 0x0000000093700000|100%| O|  |TAMS 0x0000000093600000| PB 0x0000000093600000| Untracked 
| 311|0x0000000093700000, 0x0000000093800000, 0x0000000093800000|100%| O|  |TAMS 0x0000000093700000| PB 0x0000000093700000| Untracked 
| 312|0x0000000093800000, 0x0000000093900000, 0x0000000093900000|100%| O|  |TAMS 0x0000000093800000| PB 0x0000000093800000| Untracked 
| 313|0x0000000093900000, 0x0000000093a00000, 0x0000000093a00000|100%| O|  |TAMS 0x0000000093900000| PB 0x0000000093900000| Untracked 
| 314|0x0000000093a00000, 0x0000000093b00000, 0x0000000093b00000|100%| O|  |TAMS 0x0000000093a00000| PB 0x0000000093a00000| Untracked 
| 315|0x0000000093b00000, 0x0000000093c00000, 0x0000000093c00000|100%| O|Cm|TAMS 0x0000000093b00000| PB 0x0000000093b00000| Complete 
| 316|0x0000000093c00000, 0x0000000093d00000, 0x0000000093d00000|100%| O|Cm|TAMS 0x0000000093c00000| PB 0x0000000093c00000| Complete 
| 317|0x0000000093d00000, 0x0000000093e00000, 0x0000000093e00000|100%| O|  |TAMS 0x0000000093d00000| PB 0x0000000093d00000| Untracked 
| 318|0x0000000093e00000, 0x0000000093f00000, 0x0000000093f00000|100%| O|  |TAMS 0x0000000093e00000| PB 0x0000000093e00000| Untracked 
| 319|0x0000000093f00000, 0x0000000094000000, 0x0000000094000000|100%| O|  |TAMS 0x0000000093f00000| PB 0x0000000093f00000| Untracked 
| 320|0x0000000094000000, 0x0000000094100000, 0x0000000094100000|100%| O|  |TAMS 0x0000000094000000| PB 0x0000000094000000| Untracked 
| 321|0x0000000094100000, 0x0000000094200000, 0x0000000094200000|100%| O|  |TAMS 0x0000000094100000| PB 0x0000000094100000| Untracked 
| 322|0x0000000094200000, 0x0000000094300000, 0x0000000094300000|100%| O|  |TAMS 0x0000000094200000| PB 0x0000000094200000| Untracked 
| 323|0x0000000094300000, 0x0000000094400000, 0x0000000094400000|100%| O|  |TAMS 0x0000000094300000| PB 0x0000000094300000| Untracked 
| 324|0x0000000094400000, 0x0000000094500000, 0x0000000094500000|100%| O|  |TAMS 0x0000000094400000| PB 0x0000000094400000| Untracked 
| 325|0x0000000094500000, 0x0000000094600000, 0x0000000094600000|100%| O|Cm|TAMS 0x0000000094500000| PB 0x0000000094500000| Complete 
| 326|0x0000000094600000, 0x0000000094700000, 0x0000000094700000|100%| O|  |TAMS 0x0000000094600000| PB 0x0000000094600000| Untracked 
| 327|0x0000000094700000, 0x0000000094800000, 0x0000000094800000|100%| O|  |TAMS 0x0000000094700000| PB 0x0000000094700000| Untracked 
| 328|0x0000000094800000, 0x0000000094900000, 0x0000000094900000|100%| O|  |TAMS 0x0000000094800000| PB 0x0000000094800000| Untracked 
| 329|0x0000000094900000, 0x0000000094a00000, 0x0000000094a00000|100%| O|  |TAMS 0x0000000094900000| PB 0x0000000094900000| Untracked 
| 330|0x0000000094a00000, 0x0000000094b00000, 0x0000000094b00000|100%| O|  |TAMS 0x0000000094a00000| PB 0x0000000094a00000| Untracked 
| 331|0x0000000094b00000, 0x0000000094c00000, 0x0000000094c00000|100%| O|Cm|TAMS 0x0000000094b00000| PB 0x0000000094b00000| Complete 
| 332|0x0000000094c00000, 0x0000000094c00000, 0x0000000094d00000|  0%| F|  |TAMS 0x0000000094c00000| PB 0x0000000094c00000| Untracked 
| 333|0x0000000094d00000, 0x0000000094e00000, 0x0000000094e00000|100%| O|  |TAMS 0x0000000094d00000| PB 0x0000000094d00000| Untracked 
| 334|0x0000000094e00000, 0x0000000094f00000, 0x0000000094f00000|100%| O|  |TAMS 0x0000000094e00000| PB 0x0000000094e00000| Untracked 
| 335|0x0000000094f00000, 0x0000000095000000, 0x0000000095000000|100%| O|  |TAMS 0x0000000094f00000| PB 0x0000000094f00000| Untracked 
| 336|0x0000000095000000, 0x0000000095100000, 0x0000000095100000|100%| O|  |TAMS 0x0000000095000000| PB 0x0000000095000000| Untracked 
| 337|0x0000000095100000, 0x0000000095200000, 0x0000000095200000|100%| O|  |TAMS 0x0000000095100000| PB 0x0000000095100000| Untracked 
| 338|0x0000000095200000, 0x0000000095300000, 0x0000000095300000|100%| O|Cm|TAMS 0x0000000095200000| PB 0x0000000095200000| Complete 
| 339|0x0000000095300000, 0x0000000095400000, 0x0000000095400000|100%| O|  |TAMS 0x0000000095300000| PB 0x0000000095300000| Untracked 
| 340|0x0000000095400000, 0x0000000095500000, 0x0000000095500000|100%| O|  |TAMS 0x0000000095400000| PB 0x0000000095400000| Untracked 
| 341|0x0000000095500000, 0x0000000095600000, 0x0000000095600000|100%| O|  |TAMS 0x0000000095500000| PB 0x0000000095500000| Untracked 
| 342|0x0000000095600000, 0x0000000095700000, 0x0000000095700000|100%| O|  |TAMS 0x0000000095600000| PB 0x0000000095600000| Untracked 
| 343|0x0000000095700000, 0x0000000095800000, 0x0000000095800000|100%| O|  |TAMS 0x0000000095700000| PB 0x0000000095700000| Untracked 
| 344|0x0000000095800000, 0x0000000095900000, 0x0000000095900000|100%| O|  |TAMS 0x0000000095800000| PB 0x0000000095800000| Untracked 
| 345|0x0000000095900000, 0x0000000095a00000, 0x0000000095a00000|100%| O|  |TAMS 0x0000000095900000| PB 0x0000000095900000| Untracked 
| 346|0x0000000095a00000, 0x0000000095b00000, 0x0000000095b00000|100%| O|  |TAMS 0x0000000095a00000| PB 0x0000000095a00000| Untracked 
| 347|0x0000000095b00000, 0x0000000095c00000, 0x0000000095c00000|100%| O|  |TAMS 0x0000000095b00000| PB 0x0000000095b00000| Untracked 
| 348|0x0000000095c00000, 0x0000000095d00000, 0x0000000095d00000|100%| O|Cm|TAMS 0x0000000095c00000| PB 0x0000000095c00000| Complete 
| 349|0x0000000095d00000, 0x0000000095e00000, 0x0000000095e00000|100%| O|Cm|TAMS 0x0000000095d00000| PB 0x0000000095d00000| Complete 
| 350|0x0000000095e00000, 0x0000000095f00000, 0x0000000095f00000|100%| O|  |TAMS 0x0000000095e00000| PB 0x0000000095e00000| Untracked 
| 351|0x0000000095f00000, 0x0000000096000000, 0x0000000096000000|100%| O|  |TAMS 0x0000000095f00000| PB 0x0000000095f00000| Untracked 
| 352|0x0000000096000000, 0x0000000096100000, 0x0000000096100000|100%| O|  |TAMS 0x0000000096000000| PB 0x0000000096000000| Untracked 
| 353|0x0000000096100000, 0x0000000096200000, 0x0000000096200000|100%| O|  |TAMS 0x0000000096100000| PB 0x0000000096100000| Untracked 
| 354|0x0000000096200000, 0x0000000096300000, 0x0000000096300000|100%| O|  |TAMS 0x0000000096200000| PB 0x0000000096200000| Untracked 
| 355|0x0000000096300000, 0x0000000096400000, 0x0000000096400000|100%| O|Cm|TAMS 0x0000000096300000| PB 0x0000000096300000| Complete 
| 356|0x0000000096400000, 0x0000000096500000, 0x0000000096500000|100%| O|  |TAMS 0x0000000096400000| PB 0x0000000096400000| Untracked 
| 357|0x0000000096500000, 0x0000000096600000, 0x0000000096600000|100%| O|  |TAMS 0x0000000096500000| PB 0x0000000096500000| Untracked 
| 358|0x0000000096600000, 0x0000000096700000, 0x0000000096700000|100%| O|  |TAMS 0x0000000096600000| PB 0x0000000096600000| Untracked 
| 359|0x0000000096700000, 0x0000000096800000, 0x0000000096800000|100%| O|  |TAMS 0x0000000096700000| PB 0x0000000096700000| Untracked 
| 360|0x0000000096800000, 0x0000000096900000, 0x0000000096900000|100%| O|  |TAMS 0x0000000096800000| PB 0x0000000096800000| Untracked 
| 361|0x0000000096900000, 0x0000000096a00000, 0x0000000096a00000|100%| O|  |TAMS 0x0000000096900000| PB 0x0000000096900000| Untracked 
| 362|0x0000000096a00000, 0x0000000096b00000, 0x0000000096b00000|100%| O|  |TAMS 0x0000000096a00000| PB 0x0000000096a00000| Untracked 
| 363|0x0000000096b00000, 0x0000000096c00000, 0x0000000096c00000|100%| O|  |TAMS 0x0000000096b00000| PB 0x0000000096b00000| Untracked 
| 364|0x0000000096c00000, 0x0000000096d00000, 0x0000000096d00000|100%| O|  |TAMS 0x0000000096c00000| PB 0x0000000096c00000| Untracked 
| 365|0x0000000096d00000, 0x0000000096e00000, 0x0000000096e00000|100%| O|  |TAMS 0x0000000096d00000| PB 0x0000000096d00000| Untracked 
| 366|0x0000000096e00000, 0x0000000096f00000, 0x0000000096f00000|100%| O|  |TAMS 0x0000000096e00000| PB 0x0000000096e00000| Untracked 
| 367|0x0000000096f00000, 0x0000000097000000, 0x0000000097000000|100%| O|  |TAMS 0x0000000096f00000| PB 0x0000000096f00000| Untracked 
| 368|0x0000000097000000, 0x0000000097100000, 0x0000000097100000|100%| O|  |TAMS 0x0000000097000000| PB 0x0000000097000000| Untracked 
| 369|0x0000000097100000, 0x0000000097200000, 0x0000000097200000|100%| O|  |TAMS 0x0000000097100000| PB 0x0000000097100000| Untracked 
| 370|0x0000000097200000, 0x0000000097300000, 0x0000000097300000|100%| O|  |TAMS 0x0000000097200000| PB 0x0000000097200000| Untracked 
| 371|0x0000000097300000, 0x0000000097400000, 0x0000000097400000|100%| O|  |TAMS 0x0000000097300000| PB 0x0000000097300000| Untracked 
| 372|0x0000000097400000, 0x0000000097500000, 0x0000000097500000|100%| O|  |TAMS 0x0000000097400000| PB 0x0000000097400000| Untracked 
| 373|0x0000000097500000, 0x0000000097600000, 0x0000000097600000|100%| O|  |TAMS 0x0000000097500000| PB 0x0000000097500000| Untracked 
| 374|0x0000000097600000, 0x00000000976c0010, 0x0000000097700000| 75%| O|  |TAMS 0x0000000097600000| PB 0x0000000097600000| Untracked 
| 375|0x0000000097700000, 0x0000000097800000, 0x0000000097800000|100%|HS|  |TAMS 0x0000000097700000| PB 0x0000000097700000| Complete 
| 376|0x0000000097800000, 0x0000000097900000, 0x0000000097900000|100%|HC|  |TAMS 0x0000000097800000| PB 0x0000000097800000| Complete 
| 377|0x0000000097900000, 0x0000000097900000, 0x0000000097a00000|  0%| F|  |TAMS 0x0000000097900000| PB 0x0000000097900000| Untracked 
| 378|0x0000000097a00000, 0x0000000097a00000, 0x0000000097b00000|  0%| F|  |TAMS 0x0000000097a00000| PB 0x0000000097a00000| Untracked 
| 379|0x0000000097b00000, 0x0000000097b00000, 0x0000000097c00000|  0%| F|  |TAMS 0x0000000097b00000| PB 0x0000000097b00000| Untracked 
| 380|0x0000000097c00000, 0x0000000097c00000, 0x0000000097d00000|  0%| F|  |TAMS 0x0000000097c00000| PB 0x0000000097c00000| Untracked 
| 381|0x0000000097d00000, 0x0000000097d00000, 0x0000000097e00000|  0%| F|  |TAMS 0x0000000097d00000| PB 0x0000000097d00000| Untracked 
| 382|0x0000000097e00000, 0x0000000097e00000, 0x0000000097f00000|  0%| F|  |TAMS 0x0000000097e00000| PB 0x0000000097e00000| Untracked 
| 383|0x0000000097f00000, 0x0000000097f00000, 0x0000000098000000|  0%| F|  |TAMS 0x0000000097f00000| PB 0x0000000097f00000| Untracked 
| 384|0x0000000098000000, 0x0000000098000000, 0x0000000098100000|  0%| F|  |TAMS 0x0000000098000000| PB 0x0000000098000000| Untracked 
| 385|0x0000000098100000, 0x0000000098100000, 0x0000000098200000|  0%| F|  |TAMS 0x0000000098100000| PB 0x0000000098100000| Untracked 
| 386|0x0000000098200000, 0x0000000098200000, 0x0000000098300000|  0%| F|  |TAMS 0x0000000098200000| PB 0x0000000098200000| Untracked 
| 387|0x0000000098300000, 0x0000000098300000, 0x0000000098400000|  0%| F|  |TAMS 0x0000000098300000| PB 0x0000000098300000| Untracked 
| 388|0x0000000098400000, 0x0000000098400000, 0x0000000098500000|  0%| F|  |TAMS 0x0000000098400000| PB 0x0000000098400000| Untracked 
| 389|0x0000000098500000, 0x0000000098500000, 0x0000000098600000|  0%| F|  |TAMS 0x0000000098500000| PB 0x0000000098500000| Untracked 
| 390|0x0000000098600000, 0x0000000098600000, 0x0000000098700000|  0%| F|  |TAMS 0x0000000098600000| PB 0x0000000098600000| Untracked 
| 391|0x0000000098700000, 0x0000000098700000, 0x0000000098800000|  0%| F|  |TAMS 0x0000000098700000| PB 0x0000000098700000| Untracked 
| 392|0x0000000098800000, 0x0000000098800000, 0x0000000098900000|  0%| F|  |TAMS 0x0000000098800000| PB 0x0000000098800000| Untracked 
| 393|0x0000000098900000, 0x0000000098900000, 0x0000000098a00000|  0%| F|  |TAMS 0x0000000098900000| PB 0x0000000098900000| Untracked 
| 394|0x0000000098a00000, 0x0000000098a00000, 0x0000000098b00000|  0%| F|  |TAMS 0x0000000098a00000| PB 0x0000000098a00000| Untracked 
| 395|0x0000000098b00000, 0x0000000098b00000, 0x0000000098c00000|  0%| F|  |TAMS 0x0000000098b00000| PB 0x0000000098b00000| Untracked 
| 396|0x0000000098c00000, 0x0000000098c00000, 0x0000000098d00000|  0%| F|  |TAMS 0x0000000098c00000| PB 0x0000000098c00000| Untracked 
| 397|0x0000000098d00000, 0x0000000098d00000, 0x0000000098e00000|  0%| F|  |TAMS 0x0000000098d00000| PB 0x0000000098d00000| Untracked 
| 398|0x0000000098e00000, 0x0000000098e00000, 0x0000000098f00000|  0%| F|  |TAMS 0x0000000098e00000| PB 0x0000000098e00000| Untracked 
| 399|0x0000000098f00000, 0x0000000098f00000, 0x0000000099000000|  0%| F|  |TAMS 0x0000000098f00000| PB 0x0000000098f00000| Untracked 
| 400|0x0000000099000000, 0x0000000099000000, 0x0000000099100000|  0%| F|  |TAMS 0x0000000099000000| PB 0x0000000099000000| Untracked 
| 401|0x0000000099100000, 0x0000000099100000, 0x0000000099200000|  0%| F|  |TAMS 0x0000000099100000| PB 0x0000000099100000| Untracked 
| 402|0x0000000099200000, 0x0000000099200000, 0x0000000099300000|  0%| F|  |TAMS 0x0000000099200000| PB 0x0000000099200000| Untracked 
| 403|0x0000000099300000, 0x0000000099300000, 0x0000000099400000|  0%| F|  |TAMS 0x0000000099300000| PB 0x0000000099300000| Untracked 
| 404|0x0000000099400000, 0x0000000099400000, 0x0000000099500000|  0%| F|  |TAMS 0x0000000099400000| PB 0x0000000099400000| Untracked 
| 405|0x0000000099500000, 0x0000000099500000, 0x0000000099600000|  0%| F|  |TAMS 0x0000000099500000| PB 0x0000000099500000| Untracked 
| 406|0x0000000099600000, 0x0000000099600000, 0x0000000099700000|  0%| F|  |TAMS 0x0000000099600000| PB 0x0000000099600000| Untracked 
| 407|0x0000000099700000, 0x0000000099700000, 0x0000000099800000|  0%| F|  |TAMS 0x0000000099700000| PB 0x0000000099700000| Untracked 
| 408|0x0000000099800000, 0x0000000099800000, 0x0000000099900000|  0%| F|  |TAMS 0x0000000099800000| PB 0x0000000099800000| Untracked 
| 409|0x0000000099900000, 0x0000000099900000, 0x0000000099a00000|  0%| F|  |TAMS 0x0000000099900000| PB 0x0000000099900000| Untracked 
| 410|0x0000000099a00000, 0x0000000099a00000, 0x0000000099b00000|  0%| F|  |TAMS 0x0000000099a00000| PB 0x0000000099a00000| Untracked 
| 411|0x0000000099b00000, 0x0000000099b00000, 0x0000000099c00000|  0%| F|  |TAMS 0x0000000099b00000| PB 0x0000000099b00000| Untracked 
| 412|0x0000000099c00000, 0x0000000099c00000, 0x0000000099d00000|  0%| F|  |TAMS 0x0000000099c00000| PB 0x0000000099c00000| Untracked 
| 413|0x0000000099d00000, 0x0000000099d00000, 0x0000000099e00000|  0%| F|  |TAMS 0x0000000099d00000| PB 0x0000000099d00000| Untracked 
| 414|0x0000000099e00000, 0x0000000099e00000, 0x0000000099f00000|  0%| F|  |TAMS 0x0000000099e00000| PB 0x0000000099e00000| Untracked 
| 415|0x0000000099f00000, 0x0000000099f00000, 0x000000009a000000|  0%| F|  |TAMS 0x0000000099f00000| PB 0x0000000099f00000| Untracked 
| 416|0x000000009a000000, 0x000000009a000000, 0x000000009a100000|  0%| F|  |TAMS 0x000000009a000000| PB 0x000000009a000000| Untracked 
| 417|0x000000009a100000, 0x000000009a100000, 0x000000009a200000|  0%| F|  |TAMS 0x000000009a100000| PB 0x000000009a100000| Untracked 
| 418|0x000000009a200000, 0x000000009a200000, 0x000000009a300000|  0%| F|  |TAMS 0x000000009a200000| PB 0x000000009a200000| Untracked 
| 419|0x000000009a300000, 0x000000009a300000, 0x000000009a400000|  0%| F|  |TAMS 0x000000009a300000| PB 0x000000009a300000| Untracked 
| 420|0x000000009a400000, 0x000000009a400000, 0x000000009a500000|  0%| F|  |TAMS 0x000000009a400000| PB 0x000000009a400000| Untracked 
| 421|0x000000009a500000, 0x000000009a500000, 0x000000009a600000|  0%| F|  |TAMS 0x000000009a500000| PB 0x000000009a500000| Untracked 
| 422|0x000000009a600000, 0x000000009a600000, 0x000000009a700000|  0%| F|  |TAMS 0x000000009a600000| PB 0x000000009a600000| Untracked 
| 423|0x000000009a700000, 0x000000009a700000, 0x000000009a800000|  0%| F|  |TAMS 0x000000009a700000| PB 0x000000009a700000| Untracked 
| 424|0x000000009a800000, 0x000000009a800000, 0x000000009a900000|  0%| F|  |TAMS 0x000000009a800000| PB 0x000000009a800000| Untracked 
| 425|0x000000009a900000, 0x000000009a900000, 0x000000009aa00000|  0%| F|  |TAMS 0x000000009a900000| PB 0x000000009a900000| Untracked 
| 426|0x000000009aa00000, 0x000000009aa00000, 0x000000009ab00000|  0%| F|  |TAMS 0x000000009aa00000| PB 0x000000009aa00000| Untracked 
| 427|0x000000009ab00000, 0x000000009ab00000, 0x000000009ac00000|  0%| F|  |TAMS 0x000000009ab00000| PB 0x000000009ab00000| Untracked 
| 428|0x000000009ac00000, 0x000000009ac00000, 0x000000009ad00000|  0%| F|  |TAMS 0x000000009ac00000| PB 0x000000009ac00000| Untracked 
| 429|0x000000009ad00000, 0x000000009ad00000, 0x000000009ae00000|  0%| F|  |TAMS 0x000000009ad00000| PB 0x000000009ad00000| Untracked 
| 430|0x000000009ae00000, 0x000000009ae00000, 0x000000009af00000|  0%| F|  |TAMS 0x000000009ae00000| PB 0x000000009ae00000| Untracked 
| 431|0x000000009af00000, 0x000000009af00000, 0x000000009b000000|  0%| F|  |TAMS 0x000000009af00000| PB 0x000000009af00000| Untracked 
| 432|0x000000009b000000, 0x000000009b000000, 0x000000009b100000|  0%| F|  |TAMS 0x000000009b000000| PB 0x000000009b000000| Untracked 
| 433|0x000000009b100000, 0x000000009b100000, 0x000000009b200000|  0%| F|  |TAMS 0x000000009b100000| PB 0x000000009b100000| Untracked 
| 434|0x000000009b200000, 0x000000009b200000, 0x000000009b300000|  0%| F|  |TAMS 0x000000009b200000| PB 0x000000009b200000| Untracked 
| 435|0x000000009b300000, 0x000000009b300000, 0x000000009b400000|  0%| F|  |TAMS 0x000000009b300000| PB 0x000000009b300000| Untracked 
| 436|0x000000009b400000, 0x000000009b400000, 0x000000009b500000|  0%| F|  |TAMS 0x000000009b400000| PB 0x000000009b400000| Untracked 
| 437|0x000000009b500000, 0x000000009b500000, 0x000000009b600000|  0%| F|  |TAMS 0x000000009b500000| PB 0x000000009b500000| Untracked 
| 438|0x000000009b600000, 0x000000009b600000, 0x000000009b700000|  0%| F|  |TAMS 0x000000009b600000| PB 0x000000009b600000| Untracked 
| 439|0x000000009b700000, 0x000000009b700000, 0x000000009b800000|  0%| F|  |TAMS 0x000000009b700000| PB 0x000000009b700000| Untracked 
| 440|0x000000009b800000, 0x000000009b800000, 0x000000009b900000|  0%| F|  |TAMS 0x000000009b800000| PB 0x000000009b800000| Untracked 
| 441|0x000000009b900000, 0x000000009b900000, 0x000000009ba00000|  0%| F|  |TAMS 0x000000009b900000| PB 0x000000009b900000| Untracked 
| 442|0x000000009ba00000, 0x000000009ba00000, 0x000000009bb00000|  0%| F|  |TAMS 0x000000009ba00000| PB 0x000000009ba00000| Untracked 
| 443|0x000000009bb00000, 0x000000009bb00000, 0x000000009bc00000|  0%| F|  |TAMS 0x000000009bb00000| PB 0x000000009bb00000| Untracked 
| 444|0x000000009bc00000, 0x000000009bc00000, 0x000000009bd00000|  0%| F|  |TAMS 0x000000009bc00000| PB 0x000000009bc00000| Untracked 
| 445|0x000000009bd00000, 0x000000009bd00000, 0x000000009be00000|  0%| F|  |TAMS 0x000000009bd00000| PB 0x000000009bd00000| Untracked 
| 446|0x000000009be00000, 0x000000009be00000, 0x000000009bf00000|  0%| F|  |TAMS 0x000000009be00000| PB 0x000000009be00000| Untracked 
| 447|0x000000009bf00000, 0x000000009bf00000, 0x000000009c000000|  0%| F|  |TAMS 0x000000009bf00000| PB 0x000000009bf00000| Untracked 
| 448|0x000000009c000000, 0x000000009c000000, 0x000000009c100000|  0%| F|  |TAMS 0x000000009c000000| PB 0x000000009c000000| Untracked 
| 449|0x000000009c100000, 0x000000009c100000, 0x000000009c200000|  0%| F|  |TAMS 0x000000009c100000| PB 0x000000009c100000| Untracked 
| 450|0x000000009c200000, 0x000000009c200000, 0x000000009c300000|  0%| F|  |TAMS 0x000000009c200000| PB 0x000000009c200000| Untracked 
| 451|0x000000009c300000, 0x000000009c300000, 0x000000009c400000|  0%| F|  |TAMS 0x000000009c300000| PB 0x000000009c300000| Untracked 
| 452|0x000000009c400000, 0x000000009c400000, 0x000000009c500000|  0%| F|  |TAMS 0x000000009c400000| PB 0x000000009c400000| Untracked 
| 453|0x000000009c500000, 0x000000009c500000, 0x000000009c600000|  0%| F|  |TAMS 0x000000009c500000| PB 0x000000009c500000| Untracked 
| 454|0x000000009c600000, 0x000000009c600000, 0x000000009c700000|  0%| F|  |TAMS 0x000000009c600000| PB 0x000000009c600000| Untracked 
| 455|0x000000009c700000, 0x000000009c700000, 0x000000009c800000|  0%| F|  |TAMS 0x000000009c700000| PB 0x000000009c700000| Untracked 
| 456|0x000000009c800000, 0x000000009c800000, 0x000000009c900000|  0%| F|  |TAMS 0x000000009c800000| PB 0x000000009c800000| Untracked 
| 457|0x000000009c900000, 0x000000009c900000, 0x000000009ca00000|  0%| F|  |TAMS 0x000000009c900000| PB 0x000000009c900000| Untracked 
| 458|0x000000009ca00000, 0x000000009ca00000, 0x000000009cb00000|  0%| F|  |TAMS 0x000000009ca00000| PB 0x000000009ca00000| Untracked 
| 459|0x000000009cb00000, 0x000000009cb00000, 0x000000009cc00000|  0%| F|  |TAMS 0x000000009cb00000| PB 0x000000009cb00000| Untracked 
| 460|0x000000009cc00000, 0x000000009cc00000, 0x000000009cd00000|  0%| F|  |TAMS 0x000000009cc00000| PB 0x000000009cc00000| Untracked 
| 461|0x000000009cd00000, 0x000000009cd00000, 0x000000009ce00000|  0%| F|  |TAMS 0x000000009cd00000| PB 0x000000009cd00000| Untracked 
| 462|0x000000009ce00000, 0x000000009ce00000, 0x000000009cf00000|  0%| F|  |TAMS 0x000000009ce00000| PB 0x000000009ce00000| Untracked 
| 463|0x000000009cf00000, 0x000000009cf00000, 0x000000009d000000|  0%| F|  |TAMS 0x000000009cf00000| PB 0x000000009cf00000| Untracked 
| 464|0x000000009d000000, 0x000000009d000000, 0x000000009d100000|  0%| F|  |TAMS 0x000000009d000000| PB 0x000000009d000000| Untracked 
| 465|0x000000009d100000, 0x000000009d100000, 0x000000009d200000|  0%| F|  |TAMS 0x000000009d100000| PB 0x000000009d100000| Untracked 
| 466|0x000000009d200000, 0x000000009d200000, 0x000000009d300000|  0%| F|  |TAMS 0x000000009d200000| PB 0x000000009d200000| Untracked 
| 467|0x000000009d300000, 0x000000009d300000, 0x000000009d400000|  0%| F|  |TAMS 0x000000009d300000| PB 0x000000009d300000| Untracked 
| 468|0x000000009d400000, 0x000000009d400000, 0x000000009d500000|  0%| F|  |TAMS 0x000000009d400000| PB 0x000000009d400000| Untracked 
| 469|0x000000009d500000, 0x000000009d500000, 0x000000009d600000|  0%| F|  |TAMS 0x000000009d500000| PB 0x000000009d500000| Untracked 
| 470|0x000000009d600000, 0x000000009d600000, 0x000000009d700000|  0%| F|  |TAMS 0x000000009d600000| PB 0x000000009d600000| Untracked 
| 471|0x000000009d700000, 0x000000009d700000, 0x000000009d800000|  0%| F|  |TAMS 0x000000009d700000| PB 0x000000009d700000| Untracked 
| 472|0x000000009d800000, 0x000000009d800000, 0x000000009d900000|  0%| F|  |TAMS 0x000000009d800000| PB 0x000000009d800000| Untracked 
| 473|0x000000009d900000, 0x000000009d900000, 0x000000009da00000|  0%| F|  |TAMS 0x000000009d900000| PB 0x000000009d900000| Untracked 
| 474|0x000000009da00000, 0x000000009da00000, 0x000000009db00000|  0%| F|  |TAMS 0x000000009da00000| PB 0x000000009da00000| Untracked 
| 475|0x000000009db00000, 0x000000009db00000, 0x000000009dc00000|  0%| F|  |TAMS 0x000000009db00000| PB 0x000000009db00000| Untracked 
| 476|0x000000009dc00000, 0x000000009dc00000, 0x000000009dd00000|  0%| F|  |TAMS 0x000000009dc00000| PB 0x000000009dc00000| Untracked 
| 477|0x000000009dd00000, 0x000000009dd00000, 0x000000009de00000|  0%| F|  |TAMS 0x000000009dd00000| PB 0x000000009dd00000| Untracked 
| 478|0x000000009de00000, 0x000000009de00000, 0x000000009df00000|  0%| F|  |TAMS 0x000000009de00000| PB 0x000000009de00000| Untracked 
| 479|0x000000009df00000, 0x000000009df00000, 0x000000009e000000|  0%| F|  |TAMS 0x000000009df00000| PB 0x000000009df00000| Untracked 
| 480|0x000000009e000000, 0x000000009e000000, 0x000000009e100000|  0%| F|  |TAMS 0x000000009e000000| PB 0x000000009e000000| Untracked 
| 481|0x000000009e100000, 0x000000009e100000, 0x000000009e200000|  0%| F|  |TAMS 0x000000009e100000| PB 0x000000009e100000| Untracked 
| 482|0x000000009e200000, 0x000000009e200000, 0x000000009e300000|  0%| F|  |TAMS 0x000000009e200000| PB 0x000000009e200000| Untracked 
| 483|0x000000009e300000, 0x000000009e300000, 0x000000009e400000|  0%| F|  |TAMS 0x000000009e300000| PB 0x000000009e300000| Untracked 
| 484|0x000000009e400000, 0x000000009e400000, 0x000000009e500000|  0%| F|  |TAMS 0x000000009e400000| PB 0x000000009e400000| Untracked 
| 485|0x000000009e500000, 0x000000009e54e0a0, 0x000000009e600000| 30%| E|  |TAMS 0x000000009e500000| PB 0x000000009e500000| Complete 
| 486|0x000000009e600000, 0x000000009e700000, 0x000000009e700000|100%| E|CS|TAMS 0x000000009e600000| PB 0x000000009e600000| Complete 
| 487|0x000000009e700000, 0x000000009e800000, 0x000000009e800000|100%| E|CS|TAMS 0x000000009e700000| PB 0x000000009e700000| Complete 
| 488|0x000000009e800000, 0x000000009e900000, 0x000000009e900000|100%| E|CS|TAMS 0x000000009e800000| PB 0x000000009e800000| Complete 
| 489|0x000000009e900000, 0x000000009ea00000, 0x000000009ea00000|100%| E|CS|TAMS 0x000000009e900000| PB 0x000000009e900000| Complete 
| 490|0x000000009ea00000, 0x000000009eb00000, 0x000000009eb00000|100%| E|CS|TAMS 0x000000009ea00000| PB 0x000000009ea00000| Complete 
| 491|0x000000009eb00000, 0x000000009ec00000, 0x000000009ec00000|100%| E|CS|TAMS 0x000000009eb00000| PB 0x000000009eb00000| Complete 
| 492|0x000000009ec00000, 0x000000009ed00000, 0x000000009ed00000|100%| E|CS|TAMS 0x000000009ec00000| PB 0x000000009ec00000| Complete 
| 493|0x000000009ed00000, 0x000000009ee00000, 0x000000009ee00000|100%| E|CS|TAMS 0x000000009ed00000| PB 0x000000009ed00000| Complete 
| 494|0x000000009ee00000, 0x000000009ef00000, 0x000000009ef00000|100%| E|CS|TAMS 0x000000009ee00000| PB 0x000000009ee00000| Complete 
| 495|0x000000009ef00000, 0x000000009f000000, 0x000000009f000000|100%| E|CS|TAMS 0x000000009ef00000| PB 0x000000009ef00000| Complete 
| 496|0x000000009f000000, 0x000000009f100000, 0x000000009f100000|100%| E|CS|TAMS 0x000000009f000000| PB 0x000000009f000000| Complete 
| 497|0x000000009f100000, 0x000000009f200000, 0x000000009f200000|100%| E|CS|TAMS 0x000000009f100000| PB 0x000000009f100000| Complete 
| 498|0x000000009f200000, 0x000000009f300000, 0x000000009f300000|100%| E|CS|TAMS 0x000000009f200000| PB 0x000000009f200000| Complete 
| 499|0x000000009f300000, 0x000000009f400000, 0x000000009f400000|100%| E|CS|TAMS 0x000000009f300000| PB 0x000000009f300000| Complete 
| 500|0x000000009f400000, 0x000000009f500000, 0x000000009f500000|100%| E|CS|TAMS 0x000000009f400000| PB 0x000000009f400000| Complete 
| 501|0x000000009f500000, 0x000000009f600000, 0x000000009f600000|100%| E|CS|TAMS 0x000000009f500000| PB 0x000000009f500000| Complete 
| 502|0x000000009f600000, 0x000000009f700000, 0x000000009f700000|100%| E|CS|TAMS 0x000000009f600000| PB 0x000000009f600000| Complete 
| 503|0x000000009f700000, 0x000000009f800000, 0x000000009f800000|100%| E|CS|TAMS 0x000000009f700000| PB 0x000000009f700000| Complete 
| 504|0x000000009f800000, 0x000000009f900000, 0x000000009f900000|100%| E|CS|TAMS 0x000000009f800000| PB 0x000000009f800000| Complete 
| 505|0x000000009f900000, 0x000000009fa00000, 0x000000009fa00000|100%| E|CS|TAMS 0x000000009f900000| PB 0x000000009f900000| Complete 
| 506|0x000000009fa00000, 0x000000009fb00000, 0x000000009fb00000|100%| E|CS|TAMS 0x000000009fa00000| PB 0x000000009fa00000| Complete 
| 507|0x000000009fb00000, 0x000000009fc00000, 0x000000009fc00000|100%| E|CS|TAMS 0x000000009fb00000| PB 0x000000009fb00000| Complete 
| 508|0x000000009fc00000, 0x000000009fd00000, 0x000000009fd00000|100%| E|CS|TAMS 0x000000009fc00000| PB 0x000000009fc00000| Complete 
| 509|0x000000009fd00000, 0x000000009fe00000, 0x000000009fe00000|100%| E|CS|TAMS 0x000000009fd00000| PB 0x000000009fd00000| Complete 
| 510|0x000000009fe00000, 0x000000009ff00000, 0x000000009ff00000|100%| E|CS|TAMS 0x000000009fe00000| PB 0x000000009fe00000| Complete 
| 511|0x000000009ff00000, 0x00000000a0000000, 0x00000000a0000000|100%| E|CS|TAMS 0x000000009ff00000| PB 0x000000009ff00000| Complete 
| 512|0x00000000a0000000, 0x00000000a0100000, 0x00000000a0100000|100%| E|CS|TAMS 0x00000000a0000000| PB 0x00000000a0000000| Complete 
| 513|0x00000000a0100000, 0x00000000a0200000, 0x00000000a0200000|100%| E|CS|TAMS 0x00000000a0100000| PB 0x00000000a0100000| Complete 
| 514|0x00000000a0200000, 0x00000000a0300000, 0x00000000a0300000|100%| E|CS|TAMS 0x00000000a0200000| PB 0x00000000a0200000| Complete 
| 515|0x00000000a0300000, 0x00000000a0400000, 0x00000000a0400000|100%| E|CS|TAMS 0x00000000a0300000| PB 0x00000000a0300000| Complete 
| 516|0x00000000a0400000, 0x00000000a0500000, 0x00000000a0500000|100%| E|CS|TAMS 0x00000000a0400000| PB 0x00000000a0400000| Complete 
| 517|0x00000000a0500000, 0x00000000a0600000, 0x00000000a0600000|100%| E|CS|TAMS 0x00000000a0500000| PB 0x00000000a0500000| Complete 
| 518|0x00000000a0600000, 0x00000000a0700000, 0x00000000a0700000|100%| E|CS|TAMS 0x00000000a0600000| PB 0x00000000a0600000| Complete 
| 519|0x00000000a0700000, 0x00000000a0800000, 0x00000000a0800000|100%| E|CS|TAMS 0x00000000a0700000| PB 0x00000000a0700000| Complete 
| 520|0x00000000a0800000, 0x00000000a0900000, 0x00000000a0900000|100%| E|CS|TAMS 0x00000000a0800000| PB 0x00000000a0800000| Complete 
| 521|0x00000000a0900000, 0x00000000a0a00000, 0x00000000a0a00000|100%| E|CS|TAMS 0x00000000a0900000| PB 0x00000000a0900000| Complete 
| 522|0x00000000a0a00000, 0x00000000a0b00000, 0x00000000a0b00000|100%| E|CS|TAMS 0x00000000a0a00000| PB 0x00000000a0a00000| Complete 
| 523|0x00000000a0b00000, 0x00000000a0c00000, 0x00000000a0c00000|100%| E|CS|TAMS 0x00000000a0b00000| PB 0x00000000a0b00000| Complete 
| 524|0x00000000a0c00000, 0x00000000a0d00000, 0x00000000a0d00000|100%| E|CS|TAMS 0x00000000a0c00000| PB 0x00000000a0c00000| Complete 
| 525|0x00000000a0d00000, 0x00000000a0e00000, 0x00000000a0e00000|100%| E|CS|TAMS 0x00000000a0d00000| PB 0x00000000a0d00000| Complete 
| 526|0x00000000a0e00000, 0x00000000a0f00000, 0x00000000a0f00000|100%| E|CS|TAMS 0x00000000a0e00000| PB 0x00000000a0e00000| Complete 
| 527|0x00000000a0f00000, 0x00000000a1000000, 0x00000000a1000000|100%| E|CS|TAMS 0x00000000a0f00000| PB 0x00000000a0f00000| Complete 
| 528|0x00000000a1000000, 0x00000000a1100000, 0x00000000a1100000|100%| E|CS|TAMS 0x00000000a1000000| PB 0x00000000a1000000| Complete 
| 529|0x00000000a1100000, 0x00000000a1200000, 0x00000000a1200000|100%| E|CS|TAMS 0x00000000a1100000| PB 0x00000000a1100000| Complete 
| 530|0x00000000a1200000, 0x00000000a1300000, 0x00000000a1300000|100%| E|CS|TAMS 0x00000000a1200000| PB 0x00000000a1200000| Complete 
| 531|0x00000000a1300000, 0x00000000a1400000, 0x00000000a1400000|100%| E|CS|TAMS 0x00000000a1300000| PB 0x00000000a1300000| Complete 
| 532|0x00000000a1400000, 0x00000000a1500000, 0x00000000a1500000|100%| E|CS|TAMS 0x00000000a1400000| PB 0x00000000a1400000| Complete 
| 533|0x00000000a1500000, 0x00000000a1600000, 0x00000000a1600000|100%| E|CS|TAMS 0x00000000a1500000| PB 0x00000000a1500000| Complete 
| 534|0x00000000a1600000, 0x00000000a1700000, 0x00000000a1700000|100%| E|CS|TAMS 0x00000000a1600000| PB 0x00000000a1600000| Complete 
| 535|0x00000000a1700000, 0x00000000a1800000, 0x00000000a1800000|100%| E|CS|TAMS 0x00000000a1700000| PB 0x00000000a1700000| Complete 
| 536|0x00000000a1800000, 0x00000000a1900000, 0x00000000a1900000|100%| E|CS|TAMS 0x00000000a1800000| PB 0x00000000a1800000| Complete 
| 537|0x00000000a1900000, 0x00000000a1a00000, 0x00000000a1a00000|100%| E|CS|TAMS 0x00000000a1900000| PB 0x00000000a1900000| Complete 
| 538|0x00000000a1a00000, 0x00000000a1b00000, 0x00000000a1b00000|100%| E|CS|TAMS 0x00000000a1a00000| PB 0x00000000a1a00000| Complete 
| 539|0x00000000a1b00000, 0x00000000a1c00000, 0x00000000a1c00000|100%| E|CS|TAMS 0x00000000a1b00000| PB 0x00000000a1b00000| Complete 
| 540|0x00000000a1c00000, 0x00000000a1d00000, 0x00000000a1d00000|100%| E|CS|TAMS 0x00000000a1c00000| PB 0x00000000a1c00000| Complete 
| 541|0x00000000a1d00000, 0x00000000a1e00000, 0x00000000a1e00000|100%| E|CS|TAMS 0x00000000a1d00000| PB 0x00000000a1d00000| Complete 
| 542|0x00000000a1e00000, 0x00000000a1f00000, 0x00000000a1f00000|100%| E|CS|TAMS 0x00000000a1e00000| PB 0x00000000a1e00000| Complete 
| 543|0x00000000a1f00000, 0x00000000a2000000, 0x00000000a2000000|100%| E|CS|TAMS 0x00000000a1f00000| PB 0x00000000a1f00000| Complete 
| 544|0x00000000a2000000, 0x00000000a2100000, 0x00000000a2100000|100%| E|CS|TAMS 0x00000000a2000000| PB 0x00000000a2000000| Complete 
| 545|0x00000000a2100000, 0x00000000a2200000, 0x00000000a2200000|100%| E|CS|TAMS 0x00000000a2100000| PB 0x00000000a2100000| Complete 
| 546|0x00000000a2200000, 0x00000000a2300000, 0x00000000a2300000|100%| E|CS|TAMS 0x00000000a2200000| PB 0x00000000a2200000| Complete 
| 547|0x00000000a2300000, 0x00000000a2400000, 0x00000000a2400000|100%| E|CS|TAMS 0x00000000a2300000| PB 0x00000000a2300000| Complete 
| 548|0x00000000a2400000, 0x00000000a2500000, 0x00000000a2500000|100%| E|CS|TAMS 0x00000000a2400000| PB 0x00000000a2400000| Complete 
| 549|0x00000000a2500000, 0x00000000a2600000, 0x00000000a2600000|100%| E|CS|TAMS 0x00000000a2500000| PB 0x00000000a2500000| Complete 
| 550|0x00000000a2600000, 0x00000000a2700000, 0x00000000a2700000|100%| E|CS|TAMS 0x00000000a2600000| PB 0x00000000a2600000| Complete 
| 551|0x00000000a2700000, 0x00000000a2800000, 0x00000000a2800000|100%| E|CS|TAMS 0x00000000a2700000| PB 0x00000000a2700000| Complete 
| 552|0x00000000a2800000, 0x00000000a2900000, 0x00000000a2900000|100%| E|CS|TAMS 0x00000000a2800000| PB 0x00000000a2800000| Complete 
| 553|0x00000000a2900000, 0x00000000a2a00000, 0x00000000a2a00000|100%| E|CS|TAMS 0x00000000a2900000| PB 0x00000000a2900000| Complete 
| 554|0x00000000a2a00000, 0x00000000a2b00000, 0x00000000a2b00000|100%| E|CS|TAMS 0x00000000a2a00000| PB 0x00000000a2a00000| Complete 
| 555|0x00000000a2b00000, 0x00000000a2c00000, 0x00000000a2c00000|100%| E|CS|TAMS 0x00000000a2b00000| PB 0x00000000a2b00000| Complete 
| 556|0x00000000a2c00000, 0x00000000a2d00000, 0x00000000a2d00000|100%| E|CS|TAMS 0x00000000a2c00000| PB 0x00000000a2c00000| Complete 
| 557|0x00000000a2d00000, 0x00000000a2e00000, 0x00000000a2e00000|100%| E|CS|TAMS 0x00000000a2d00000| PB 0x00000000a2d00000| Complete 
| 558|0x00000000a2e00000, 0x00000000a2f00000, 0x00000000a2f00000|100%| E|CS|TAMS 0x00000000a2e00000| PB 0x00000000a2e00000| Complete 
| 559|0x00000000a2f00000, 0x00000000a3000000, 0x00000000a3000000|100%| E|CS|TAMS 0x00000000a2f00000| PB 0x00000000a2f00000| Complete 
| 560|0x00000000a3000000, 0x00000000a3100000, 0x00000000a3100000|100%| E|CS|TAMS 0x00000000a3000000| PB 0x00000000a3000000| Complete 
| 561|0x00000000a3100000, 0x00000000a3200000, 0x00000000a3200000|100%| E|CS|TAMS 0x00000000a3100000| PB 0x00000000a3100000| Complete 
| 562|0x00000000a3200000, 0x00000000a3300000, 0x00000000a3300000|100%| E|CS|TAMS 0x00000000a3200000| PB 0x00000000a3200000| Complete 
| 563|0x00000000a3300000, 0x00000000a3400000, 0x00000000a3400000|100%| E|CS|TAMS 0x00000000a3300000| PB 0x00000000a3300000| Complete 
| 564|0x00000000a3400000, 0x00000000a3500000, 0x00000000a3500000|100%| E|CS|TAMS 0x00000000a3400000| PB 0x00000000a3400000| Complete 
| 565|0x00000000a3500000, 0x00000000a3600000, 0x00000000a3600000|100%| E|CS|TAMS 0x00000000a3500000| PB 0x00000000a3500000| Complete 
| 566|0x00000000a3600000, 0x00000000a3700000, 0x00000000a3700000|100%| E|CS|TAMS 0x00000000a3600000| PB 0x00000000a3600000| Complete 
| 567|0x00000000a3700000, 0x00000000a3800000, 0x00000000a3800000|100%| E|CS|TAMS 0x00000000a3700000| PB 0x00000000a3700000| Complete 
| 568|0x00000000a3800000, 0x00000000a3900000, 0x00000000a3900000|100%| E|CS|TAMS 0x00000000a3800000| PB 0x00000000a3800000| Complete 
| 569|0x00000000a3900000, 0x00000000a3a00000, 0x00000000a3a00000|100%| E|CS|TAMS 0x00000000a3900000| PB 0x00000000a3900000| Complete 
| 570|0x00000000a3a00000, 0x00000000a3b00000, 0x00000000a3b00000|100%| E|CS|TAMS 0x00000000a3a00000| PB 0x00000000a3a00000| Complete 
| 571|0x00000000a3b00000, 0x00000000a3c00000, 0x00000000a3c00000|100%| E|CS|TAMS 0x00000000a3b00000| PB 0x00000000a3b00000| Complete 
| 572|0x00000000a3c00000, 0x00000000a3d00000, 0x00000000a3d00000|100%| E|CS|TAMS 0x00000000a3c00000| PB 0x00000000a3c00000| Complete 
| 573|0x00000000a3d00000, 0x00000000a3e00000, 0x00000000a3e00000|100%| E|CS|TAMS 0x00000000a3d00000| PB 0x00000000a3d00000| Complete 
| 574|0x00000000a3e00000, 0x00000000a3f00000, 0x00000000a3f00000|100%| E|CS|TAMS 0x00000000a3e00000| PB 0x00000000a3e00000| Complete 
| 575|0x00000000a3f00000, 0x00000000a4000000, 0x00000000a4000000|100%| E|CS|TAMS 0x00000000a3f00000| PB 0x00000000a3f00000| Complete 
| 576|0x00000000a4000000, 0x00000000a4100000, 0x00000000a4100000|100%| E|CS|TAMS 0x00000000a4000000| PB 0x00000000a4000000| Complete 
| 577|0x00000000a4100000, 0x00000000a4200000, 0x00000000a4200000|100%| E|CS|TAMS 0x00000000a4100000| PB 0x00000000a4100000| Complete 
| 578|0x00000000a4200000, 0x00000000a4300000, 0x00000000a4300000|100%| E|CS|TAMS 0x00000000a4200000| PB 0x00000000a4200000| Complete 
| 579|0x00000000a4300000, 0x00000000a4400000, 0x00000000a4400000|100%| E|CS|TAMS 0x00000000a4300000| PB 0x00000000a4300000| Complete 
| 580|0x00000000a4400000, 0x00000000a4500000, 0x00000000a4500000|100%| E|CS|TAMS 0x00000000a4400000| PB 0x00000000a4400000| Complete 
| 581|0x00000000a4500000, 0x00000000a4600000, 0x00000000a4600000|100%| E|CS|TAMS 0x00000000a4500000| PB 0x00000000a4500000| Complete 
| 582|0x00000000a4600000, 0x00000000a4700000, 0x00000000a4700000|100%| E|CS|TAMS 0x00000000a4600000| PB 0x00000000a4600000| Complete 
| 583|0x00000000a4700000, 0x00000000a4800000, 0x00000000a4800000|100%| E|CS|TAMS 0x00000000a4700000| PB 0x00000000a4700000| Complete 
| 584|0x00000000a4800000, 0x00000000a4900000, 0x00000000a4900000|100%| E|CS|TAMS 0x00000000a4800000| PB 0x00000000a4800000| Complete 
| 585|0x00000000a4900000, 0x00000000a4a00000, 0x00000000a4a00000|100%| E|CS|TAMS 0x00000000a4900000| PB 0x00000000a4900000| Complete 
| 586|0x00000000a4a00000, 0x00000000a4b00000, 0x00000000a4b00000|100%| E|CS|TAMS 0x00000000a4a00000| PB 0x00000000a4a00000| Complete 
| 587|0x00000000a4b00000, 0x00000000a4c00000, 0x00000000a4c00000|100%| E|CS|TAMS 0x00000000a4b00000| PB 0x00000000a4b00000| Complete 
| 588|0x00000000a4c00000, 0x00000000a4d00000, 0x00000000a4d00000|100%| E|CS|TAMS 0x00000000a4c00000| PB 0x00000000a4c00000| Complete 
| 589|0x00000000a4d00000, 0x00000000a4e00000, 0x00000000a4e00000|100%| E|CS|TAMS 0x00000000a4d00000| PB 0x00000000a4d00000| Complete 
| 590|0x00000000a4e00000, 0x00000000a4f00000, 0x00000000a4f00000|100%| E|CS|TAMS 0x00000000a4e00000| PB 0x00000000a4e00000| Complete 
| 591|0x00000000a4f00000, 0x00000000a5000000, 0x00000000a5000000|100%| E|CS|TAMS 0x00000000a4f00000| PB 0x00000000a4f00000| Complete 
| 592|0x00000000a5000000, 0x00000000a5100000, 0x00000000a5100000|100%| E|CS|TAMS 0x00000000a5000000| PB 0x00000000a5000000| Complete 
| 593|0x00000000a5100000, 0x00000000a5200000, 0x00000000a5200000|100%| E|CS|TAMS 0x00000000a5100000| PB 0x00000000a5100000| Complete 
| 594|0x00000000a5200000, 0x00000000a5300000, 0x00000000a5300000|100%| E|CS|TAMS 0x00000000a5200000| PB 0x00000000a5200000| Complete 
| 595|0x00000000a5300000, 0x00000000a5400000, 0x00000000a5400000|100%| E|CS|TAMS 0x00000000a5300000| PB 0x00000000a5300000| Complete 
| 596|0x00000000a5400000, 0x00000000a5500000, 0x00000000a5500000|100%| E|CS|TAMS 0x00000000a5400000| PB 0x00000000a5400000| Complete 
| 597|0x00000000a5500000, 0x00000000a5600000, 0x00000000a5600000|100%| E|CS|TAMS 0x00000000a5500000| PB 0x00000000a5500000| Complete 
| 598|0x00000000a5600000, 0x00000000a5700000, 0x00000000a5700000|100%| E|CS|TAMS 0x00000000a5600000| PB 0x00000000a5600000| Complete 
| 599|0x00000000a5700000, 0x00000000a5800000, 0x00000000a5800000|100%| E|CS|TAMS 0x00000000a5700000| PB 0x00000000a5700000| Complete 
| 600|0x00000000a5800000, 0x00000000a5900000, 0x00000000a5900000|100%| E|CS|TAMS 0x00000000a5800000| PB 0x00000000a5800000| Complete 
| 601|0x00000000a5900000, 0x00000000a5a00000, 0x00000000a5a00000|100%| E|CS|TAMS 0x00000000a5900000| PB 0x00000000a5900000| Complete 
| 602|0x00000000a5a00000, 0x00000000a5b00000, 0x00000000a5b00000|100%| E|CS|TAMS 0x00000000a5a00000| PB 0x00000000a5a00000| Complete 
| 603|0x00000000a5b00000, 0x00000000a5c00000, 0x00000000a5c00000|100%| E|CS|TAMS 0x00000000a5b00000| PB 0x00000000a5b00000| Complete 
| 604|0x00000000a5c00000, 0x00000000a5d00000, 0x00000000a5d00000|100%| E|CS|TAMS 0x00000000a5c00000| PB 0x00000000a5c00000| Complete 
| 605|0x00000000a5d00000, 0x00000000a5e00000, 0x00000000a5e00000|100%| E|CS|TAMS 0x00000000a5d00000| PB 0x00000000a5d00000| Complete 
| 606|0x00000000a5e00000, 0x00000000a5f00000, 0x00000000a5f00000|100%| E|CS|TAMS 0x00000000a5e00000| PB 0x00000000a5e00000| Complete 
| 607|0x00000000a5f00000, 0x00000000a6000000, 0x00000000a6000000|100%| E|CS|TAMS 0x00000000a5f00000| PB 0x00000000a5f00000| Complete 
| 608|0x00000000a6000000, 0x00000000a6100000, 0x00000000a6100000|100%| E|CS|TAMS 0x00000000a6000000| PB 0x00000000a6000000| Complete 
| 609|0x00000000a6100000, 0x00000000a6200000, 0x00000000a6200000|100%| E|CS|TAMS 0x00000000a6100000| PB 0x00000000a6100000| Complete 
| 610|0x00000000a6200000, 0x00000000a6300000, 0x00000000a6300000|100%| E|CS|TAMS 0x00000000a6200000| PB 0x00000000a6200000| Complete 
| 611|0x00000000a6300000, 0x00000000a6400000, 0x00000000a6400000|100%| E|CS|TAMS 0x00000000a6300000| PB 0x00000000a6300000| Complete 
| 612|0x00000000a6400000, 0x00000000a6500000, 0x00000000a6500000|100%| E|CS|TAMS 0x00000000a6400000| PB 0x00000000a6400000| Complete 
| 613|0x00000000a6500000, 0x00000000a6600000, 0x00000000a6600000|100%| E|CS|TAMS 0x00000000a6500000| PB 0x00000000a6500000| Complete 
| 614|0x00000000a6600000, 0x00000000a6700000, 0x00000000a6700000|100%| E|CS|TAMS 0x00000000a6600000| PB 0x00000000a6600000| Complete 
| 615|0x00000000a6700000, 0x00000000a6800000, 0x00000000a6800000|100%| E|CS|TAMS 0x00000000a6700000| PB 0x00000000a6700000| Complete 
| 616|0x00000000a6800000, 0x00000000a6900000, 0x00000000a6900000|100%| E|CS|TAMS 0x00000000a6800000| PB 0x00000000a6800000| Complete 
| 617|0x00000000a6900000, 0x00000000a6a00000, 0x00000000a6a00000|100%| E|CS|TAMS 0x00000000a6900000| PB 0x00000000a6900000| Complete 
| 618|0x00000000a6a00000, 0x00000000a6b00000, 0x00000000a6b00000|100%| E|CS|TAMS 0x00000000a6a00000| PB 0x00000000a6a00000| Complete 
| 619|0x00000000a6b00000, 0x00000000a6c00000, 0x00000000a6c00000|100%| E|CS|TAMS 0x00000000a6b00000| PB 0x00000000a6b00000| Complete 
| 620|0x00000000a6c00000, 0x00000000a6d00000, 0x00000000a6d00000|100%| E|CS|TAMS 0x00000000a6c00000| PB 0x00000000a6c00000| Complete 
| 621|0x00000000a6d00000, 0x00000000a6e00000, 0x00000000a6e00000|100%| E|CS|TAMS 0x00000000a6d00000| PB 0x00000000a6d00000| Complete 
| 622|0x00000000a6e00000, 0x00000000a6f00000, 0x00000000a6f00000|100%| E|CS|TAMS 0x00000000a6e00000| PB 0x00000000a6e00000| Complete 
| 623|0x00000000a6f00000, 0x00000000a7000000, 0x00000000a7000000|100%| E|CS|TAMS 0x00000000a6f00000| PB 0x00000000a6f00000| Complete 
| 624|0x00000000a7000000, 0x00000000a7100000, 0x00000000a7100000|100%| E|CS|TAMS 0x00000000a7000000| PB 0x00000000a7000000| Complete 
| 625|0x00000000a7100000, 0x00000000a7200000, 0x00000000a7200000|100%| E|CS|TAMS 0x00000000a7100000| PB 0x00000000a7100000| Complete 
| 626|0x00000000a7200000, 0x00000000a7300000, 0x00000000a7300000|100%| E|CS|TAMS 0x00000000a7200000| PB 0x00000000a7200000| Complete 
| 627|0x00000000a7300000, 0x00000000a7400000, 0x00000000a7400000|100%| E|CS|TAMS 0x00000000a7300000| PB 0x00000000a7300000| Complete 
| 628|0x00000000a7400000, 0x00000000a7500000, 0x00000000a7500000|100%| E|CS|TAMS 0x00000000a7400000| PB 0x00000000a7400000| Complete 
| 629|0x00000000a7500000, 0x00000000a7600000, 0x00000000a7600000|100%| E|CS|TAMS 0x00000000a7500000| PB 0x00000000a7500000| Complete 
| 630|0x00000000a7600000, 0x00000000a7700000, 0x00000000a7700000|100%| E|CS|TAMS 0x00000000a7600000| PB 0x00000000a7600000| Complete 
| 631|0x00000000a7700000, 0x00000000a7800000, 0x00000000a7800000|100%| E|CS|TAMS 0x00000000a7700000| PB 0x00000000a7700000| Complete 
| 632|0x00000000a7800000, 0x00000000a7900000, 0x00000000a7900000|100%| E|CS|TAMS 0x00000000a7800000| PB 0x00000000a7800000| Complete 
| 633|0x00000000a7900000, 0x00000000a7a00000, 0x00000000a7a00000|100%| E|CS|TAMS 0x00000000a7900000| PB 0x00000000a7900000| Complete 
| 634|0x00000000a7a00000, 0x00000000a7b00000, 0x00000000a7b00000|100%| E|CS|TAMS 0x00000000a7a00000| PB 0x00000000a7a00000| Complete 
| 635|0x00000000a7b00000, 0x00000000a7c00000, 0x00000000a7c00000|100%| E|CS|TAMS 0x00000000a7b00000| PB 0x00000000a7b00000| Complete 
| 636|0x00000000a7c00000, 0x00000000a7d00000, 0x00000000a7d00000|100%| E|CS|TAMS 0x00000000a7c00000| PB 0x00000000a7c00000| Complete 
| 637|0x00000000a7d00000, 0x00000000a7e00000, 0x00000000a7e00000|100%| E|CS|TAMS 0x00000000a7d00000| PB 0x00000000a7d00000| Complete 
| 638|0x00000000a7e00000, 0x00000000a7f00000, 0x00000000a7f00000|100%| E|CS|TAMS 0x00000000a7e00000| PB 0x00000000a7e00000| Complete 
| 639|0x00000000a7f00000, 0x00000000a8000000, 0x00000000a8000000|100%| E|CS|TAMS 0x00000000a7f00000| PB 0x00000000a7f00000| Complete 
| 640|0x00000000a8000000, 0x00000000a8100000, 0x00000000a8100000|100%| E|CS|TAMS 0x00000000a8000000| PB 0x00000000a8000000| Complete 
| 641|0x00000000a8100000, 0x00000000a8200000, 0x00000000a8200000|100%| E|CS|TAMS 0x00000000a8100000| PB 0x00000000a8100000| Complete 
| 642|0x00000000a8200000, 0x00000000a8300000, 0x00000000a8300000|100%| E|CS|TAMS 0x00000000a8200000| PB 0x00000000a8200000| Complete 
| 643|0x00000000a8300000, 0x00000000a8400000, 0x00000000a8400000|100%| E|CS|TAMS 0x00000000a8300000| PB 0x00000000a8300000| Complete 
| 644|0x00000000a8400000, 0x00000000a8500000, 0x00000000a8500000|100%| E|CS|TAMS 0x00000000a8400000| PB 0x00000000a8400000| Complete 
| 645|0x00000000a8500000, 0x00000000a8600000, 0x00000000a8600000|100%| E|CS|TAMS 0x00000000a8500000| PB 0x00000000a8500000| Complete 
| 646|0x00000000a8600000, 0x00000000a8700000, 0x00000000a8700000|100%| E|CS|TAMS 0x00000000a8600000| PB 0x00000000a8600000| Complete 
| 647|0x00000000a8700000, 0x00000000a8800000, 0x00000000a8800000|100%| E|CS|TAMS 0x00000000a8700000| PB 0x00000000a8700000| Complete 
| 648|0x00000000a8800000, 0x00000000a8900000, 0x00000000a8900000|100%| E|CS|TAMS 0x00000000a8800000| PB 0x00000000a8800000| Complete 
| 649|0x00000000a8900000, 0x00000000a8a00000, 0x00000000a8a00000|100%| E|CS|TAMS 0x00000000a8900000| PB 0x00000000a8900000| Complete 
| 650|0x00000000a8a00000, 0x00000000a8b00000, 0x00000000a8b00000|100%| E|CS|TAMS 0x00000000a8a00000| PB 0x00000000a8a00000| Complete 
| 651|0x00000000a8b00000, 0x00000000a8c00000, 0x00000000a8c00000|100%| E|CS|TAMS 0x00000000a8b00000| PB 0x00000000a8b00000| Complete 
| 652|0x00000000a8c00000, 0x00000000a8d00000, 0x00000000a8d00000|100%| E|CS|TAMS 0x00000000a8c00000| PB 0x00000000a8c00000| Complete 
| 653|0x00000000a8d00000, 0x00000000a8e00000, 0x00000000a8e00000|100%| E|CS|TAMS 0x00000000a8d00000| PB 0x00000000a8d00000| Complete 
| 654|0x00000000a8e00000, 0x00000000a8f00000, 0x00000000a8f00000|100%| E|CS|TAMS 0x00000000a8e00000| PB 0x00000000a8e00000| Complete 
| 655|0x00000000a8f00000, 0x00000000a9000000, 0x00000000a9000000|100%| E|CS|TAMS 0x00000000a8f00000| PB 0x00000000a8f00000| Complete 
| 656|0x00000000a9000000, 0x00000000a9100000, 0x00000000a9100000|100%| E|CS|TAMS 0x00000000a9000000| PB 0x00000000a9000000| Complete 
| 657|0x00000000a9100000, 0x00000000a9200000, 0x00000000a9200000|100%| E|CS|TAMS 0x00000000a9100000| PB 0x00000000a9100000| Complete 
| 658|0x00000000a9200000, 0x00000000a9300000, 0x00000000a9300000|100%| E|CS|TAMS 0x00000000a9200000| PB 0x00000000a9200000| Complete 
| 659|0x00000000a9300000, 0x00000000a9400000, 0x00000000a9400000|100%| E|CS|TAMS 0x00000000a9300000| PB 0x00000000a9300000| Complete 
| 660|0x00000000a9400000, 0x00000000a9500000, 0x00000000a9500000|100%| E|CS|TAMS 0x00000000a9400000| PB 0x00000000a9400000| Complete 
| 661|0x00000000a9500000, 0x00000000a9600000, 0x00000000a9600000|100%| E|CS|TAMS 0x00000000a9500000| PB 0x00000000a9500000| Complete 
| 662|0x00000000a9600000, 0x00000000a9700000, 0x00000000a9700000|100%| E|CS|TAMS 0x00000000a9600000| PB 0x00000000a9600000| Complete 
| 663|0x00000000a9700000, 0x00000000a9800000, 0x00000000a9800000|100%| E|CS|TAMS 0x00000000a9700000| PB 0x00000000a9700000| Complete 
| 664|0x00000000a9800000, 0x00000000a9900000, 0x00000000a9900000|100%| E|CS|TAMS 0x00000000a9800000| PB 0x00000000a9800000| Complete 
| 665|0x00000000a9900000, 0x00000000a9a00000, 0x00000000a9a00000|100%| E|CS|TAMS 0x00000000a9900000| PB 0x00000000a9900000| Complete 
| 666|0x00000000a9a00000, 0x00000000a9b00000, 0x00000000a9b00000|100%| E|CS|TAMS 0x00000000a9a00000| PB 0x00000000a9a00000| Complete 
| 667|0x00000000a9b00000, 0x00000000a9c00000, 0x00000000a9c00000|100%| E|CS|TAMS 0x00000000a9b00000| PB 0x00000000a9b00000| Complete 
| 668|0x00000000a9c00000, 0x00000000a9d00000, 0x00000000a9d00000|100%| E|CS|TAMS 0x00000000a9c00000| PB 0x00000000a9c00000| Complete 
| 669|0x00000000a9d00000, 0x00000000a9e00000, 0x00000000a9e00000|100%| E|CS|TAMS 0x00000000a9d00000| PB 0x00000000a9d00000| Complete 
| 670|0x00000000a9e00000, 0x00000000a9f00000, 0x00000000a9f00000|100%| E|CS|TAMS 0x00000000a9e00000| PB 0x00000000a9e00000| Complete 
| 671|0x00000000a9f00000, 0x00000000aa000000, 0x00000000aa000000|100%| E|CS|TAMS 0x00000000a9f00000| PB 0x00000000a9f00000| Complete 
| 672|0x00000000aa000000, 0x00000000aa100000, 0x00000000aa100000|100%| E|CS|TAMS 0x00000000aa000000| PB 0x00000000aa000000| Complete 
| 673|0x00000000aa100000, 0x00000000aa200000, 0x00000000aa200000|100%| E|CS|TAMS 0x00000000aa100000| PB 0x00000000aa100000| Complete 
| 674|0x00000000aa200000, 0x00000000aa300000, 0x00000000aa300000|100%| E|CS|TAMS 0x00000000aa200000| PB 0x00000000aa200000| Complete 
| 675|0x00000000aa300000, 0x00000000aa400000, 0x00000000aa400000|100%| E|CS|TAMS 0x00000000aa300000| PB 0x00000000aa300000| Complete 
| 676|0x00000000aa400000, 0x00000000aa500000, 0x00000000aa500000|100%| E|CS|TAMS 0x00000000aa400000| PB 0x00000000aa400000| Complete 
| 677|0x00000000aa500000, 0x00000000aa600000, 0x00000000aa600000|100%| E|CS|TAMS 0x00000000aa500000| PB 0x00000000aa500000| Complete 
| 678|0x00000000aa600000, 0x00000000aa700000, 0x00000000aa700000|100%| E|CS|TAMS 0x00000000aa600000| PB 0x00000000aa600000| Complete 
| 679|0x00000000aa700000, 0x00000000aa800000, 0x00000000aa800000|100%| E|CS|TAMS 0x00000000aa700000| PB 0x00000000aa700000| Complete 
| 680|0x00000000aa800000, 0x00000000aa900000, 0x00000000aa900000|100%| E|CS|TAMS 0x00000000aa800000| PB 0x00000000aa800000| Complete 
| 681|0x00000000aa900000, 0x00000000aaa00000, 0x00000000aaa00000|100%| E|CS|TAMS 0x00000000aa900000| PB 0x00000000aa900000| Complete 
| 682|0x00000000aaa00000, 0x00000000aab00000, 0x00000000aab00000|100%| E|CS|TAMS 0x00000000aaa00000| PB 0x00000000aaa00000| Complete 
| 683|0x00000000aab00000, 0x00000000aac00000, 0x00000000aac00000|100%| E|CS|TAMS 0x00000000aab00000| PB 0x00000000aab00000| Complete 
| 684|0x00000000aac00000, 0x00000000aad00000, 0x00000000aad00000|100%| E|CS|TAMS 0x00000000aac00000| PB 0x00000000aac00000| Complete 
| 685|0x00000000aad00000, 0x00000000aae00000, 0x00000000aae00000|100%| E|CS|TAMS 0x00000000aad00000| PB 0x00000000aad00000| Complete 
| 686|0x00000000aae00000, 0x00000000aaf00000, 0x00000000aaf00000|100%| E|CS|TAMS 0x00000000aae00000| PB 0x00000000aae00000| Complete 
| 687|0x00000000aaf00000, 0x00000000ab000000, 0x00000000ab000000|100%| E|CS|TAMS 0x00000000aaf00000| PB 0x00000000aaf00000| Complete 
| 688|0x00000000ab000000, 0x00000000ab100000, 0x00000000ab100000|100%| E|CS|TAMS 0x00000000ab000000| PB 0x00000000ab000000| Complete 
| 689|0x00000000ab100000, 0x00000000ab200000, 0x00000000ab200000|100%| E|CS|TAMS 0x00000000ab100000| PB 0x00000000ab100000| Complete 
| 690|0x00000000ab200000, 0x00000000ab300000, 0x00000000ab300000|100%| E|CS|TAMS 0x00000000ab200000| PB 0x00000000ab200000| Complete 
| 691|0x00000000ab300000, 0x00000000ab400000, 0x00000000ab400000|100%| E|CS|TAMS 0x00000000ab300000| PB 0x00000000ab300000| Complete 
| 692|0x00000000ab400000, 0x00000000ab500000, 0x00000000ab500000|100%| E|CS|TAMS 0x00000000ab400000| PB 0x00000000ab400000| Complete 
| 693|0x00000000ab500000, 0x00000000ab600000, 0x00000000ab600000|100%| E|CS|TAMS 0x00000000ab500000| PB 0x00000000ab500000| Complete 
| 694|0x00000000ab600000, 0x00000000ab700000, 0x00000000ab700000|100%| E|CS|TAMS 0x00000000ab600000| PB 0x00000000ab600000| Complete 
| 695|0x00000000ab700000, 0x00000000ab800000, 0x00000000ab800000|100%| E|CS|TAMS 0x00000000ab700000| PB 0x00000000ab700000| Complete 
| 696|0x00000000ab800000, 0x00000000ab900000, 0x00000000ab900000|100%| E|CS|TAMS 0x00000000ab800000| PB 0x00000000ab800000| Complete 
| 697|0x00000000ab900000, 0x00000000aba00000, 0x00000000aba00000|100%| E|CS|TAMS 0x00000000ab900000| PB 0x00000000ab900000| Complete 
| 698|0x00000000aba00000, 0x00000000abb00000, 0x00000000abb00000|100%| E|CS|TAMS 0x00000000aba00000| PB 0x00000000aba00000| Complete 
| 699|0x00000000abb00000, 0x00000000abc00000, 0x00000000abc00000|100%| E|CS|TAMS 0x00000000abb00000| PB 0x00000000abb00000| Complete 
| 700|0x00000000abc00000, 0x00000000abd00000, 0x00000000abd00000|100%| E|CS|TAMS 0x00000000abc00000| PB 0x00000000abc00000| Complete 
| 701|0x00000000abd00000, 0x00000000abe00000, 0x00000000abe00000|100%| E|CS|TAMS 0x00000000abd00000| PB 0x00000000abd00000| Complete 
| 702|0x00000000abe00000, 0x00000000abf00000, 0x00000000abf00000|100%| E|CS|TAMS 0x00000000abe00000| PB 0x00000000abe00000| Complete 
| 703|0x00000000abf00000, 0x00000000ac000000, 0x00000000ac000000|100%| E|CS|TAMS 0x00000000abf00000| PB 0x00000000abf00000| Complete 
| 704|0x00000000ac000000, 0x00000000ac100000, 0x00000000ac100000|100%| E|CS|TAMS 0x00000000ac000000| PB 0x00000000ac000000| Complete 
| 705|0x00000000ac100000, 0x00000000ac200000, 0x00000000ac200000|100%| E|CS|TAMS 0x00000000ac100000| PB 0x00000000ac100000| Complete 
| 706|0x00000000ac200000, 0x00000000ac300000, 0x00000000ac300000|100%| E|CS|TAMS 0x00000000ac200000| PB 0x00000000ac200000| Complete 
| 707|0x00000000ac300000, 0x00000000ac400000, 0x00000000ac400000|100%| E|CS|TAMS 0x00000000ac300000| PB 0x00000000ac300000| Complete 
| 708|0x00000000ac400000, 0x00000000ac500000, 0x00000000ac500000|100%| E|CS|TAMS 0x00000000ac400000| PB 0x00000000ac400000| Complete 
| 709|0x00000000ac500000, 0x00000000ac600000, 0x00000000ac600000|100%| E|CS|TAMS 0x00000000ac500000| PB 0x00000000ac500000| Complete 
| 710|0x00000000ac600000, 0x00000000ac700000, 0x00000000ac700000|100%| E|CS|TAMS 0x00000000ac600000| PB 0x00000000ac600000| Complete 
| 711|0x00000000ac700000, 0x00000000ac800000, 0x00000000ac800000|100%| E|CS|TAMS 0x00000000ac700000| PB 0x00000000ac700000| Complete 
| 712|0x00000000ac800000, 0x00000000ac900000, 0x00000000ac900000|100%| E|CS|TAMS 0x00000000ac800000| PB 0x00000000ac800000| Complete 
| 713|0x00000000ac900000, 0x00000000aca00000, 0x00000000aca00000|100%| E|CS|TAMS 0x00000000ac900000| PB 0x00000000ac900000| Complete 
| 714|0x00000000aca00000, 0x00000000acb00000, 0x00000000acb00000|100%| E|CS|TAMS 0x00000000aca00000| PB 0x00000000aca00000| Complete 
| 715|0x00000000acb00000, 0x00000000acc00000, 0x00000000acc00000|100%| E|CS|TAMS 0x00000000acb00000| PB 0x00000000acb00000| Complete 
| 716|0x00000000acc00000, 0x00000000acd00000, 0x00000000acd00000|100%| E|CS|TAMS 0x00000000acc00000| PB 0x00000000acc00000| Complete 
| 717|0x00000000acd00000, 0x00000000ace00000, 0x00000000ace00000|100%| E|CS|TAMS 0x00000000acd00000| PB 0x00000000acd00000| Complete 
| 718|0x00000000ace00000, 0x00000000acf00000, 0x00000000acf00000|100%| E|CS|TAMS 0x00000000ace00000| PB 0x00000000ace00000| Complete 
| 719|0x00000000acf00000, 0x00000000ad000000, 0x00000000ad000000|100%| E|CS|TAMS 0x00000000acf00000| PB 0x00000000acf00000| Complete 
|2022|0x00000000fe600000, 0x00000000fe700000, 0x00000000fe700000|100%| O|  |TAMS 0x00000000fe600000| PB 0x00000000fe600000| Untracked 
|2023|0x00000000fe700000, 0x00000000fe800000, 0x00000000fe800000|100%| E|CS|TAMS 0x00000000fe700000| PB 0x00000000fe700000| Complete 
|2024|0x00000000fe800000, 0x00000000fe900000, 0x00000000fe900000|100%| O|  |TAMS 0x00000000fe800000| PB 0x00000000fe800000| Untracked 
|2025|0x00000000fe900000, 0x00000000fea00000, 0x00000000fea00000|100%| O|  |TAMS 0x00000000fe900000| PB 0x00000000fe900000| Untracked 
|2026|0x00000000fea00000, 0x00000000feb00000, 0x00000000feb00000|100%| O|  |TAMS 0x00000000fea00000| PB 0x00000000fea00000| Untracked 
|2027|0x00000000feb00000, 0x00000000fec00000, 0x00000000fec00000|100%| E|CS|TAMS 0x00000000feb00000| PB 0x00000000feb00000| Complete 
|2028|0x00000000fec00000, 0x00000000fec80000, 0x00000000fed00000| 50%| S|CS|TAMS 0x00000000fec00000| PB 0x00000000fec00000| Complete 
|2029|0x00000000fed00000, 0x00000000fee00000, 0x00000000fee00000|100%| S|CS|TAMS 0x00000000fed00000| PB 0x00000000fed00000| Complete 
|2030|0x00000000fee00000, 0x00000000fef00000, 0x00000000fef00000|100%| S|CS|TAMS 0x00000000fee00000| PB 0x00000000fee00000| Complete 
|2031|0x00000000fef00000, 0x00000000ff000000, 0x00000000ff000000|100%| S|CS|TAMS 0x00000000fef00000| PB 0x00000000fef00000| Complete 
|2032|0x00000000ff000000, 0x00000000ff100000, 0x00000000ff100000|100%| E|CS|TAMS 0x00000000ff000000| PB 0x00000000ff000000| Complete 
|2033|0x00000000ff100000, 0x00000000ff200000, 0x00000000ff200000|100%| E|CS|TAMS 0x00000000ff100000| PB 0x00000000ff100000| Complete 
|2034|0x00000000ff200000, 0x00000000ff300000, 0x00000000ff300000|100%| E|CS|TAMS 0x00000000ff200000| PB 0x00000000ff200000| Complete 
|2035|0x00000000ff300000, 0x00000000ff400000, 0x00000000ff400000|100%| E|CS|TAMS 0x00000000ff300000| PB 0x00000000ff300000| Complete 
|2036|0x00000000ff400000, 0x00000000ff500000, 0x00000000ff500000|100%| E|CS|TAMS 0x00000000ff400000| PB 0x00000000ff400000| Complete 
|2037|0x00000000ff500000, 0x00000000ff600000, 0x00000000ff600000|100%| E|CS|TAMS 0x00000000ff500000| PB 0x00000000ff500000| Complete 
|2038|0x00000000ff600000, 0x00000000ff700000, 0x00000000ff700000|100%| E|CS|TAMS 0x00000000ff600000| PB 0x00000000ff600000| Complete 
|2039|0x00000000ff700000, 0x00000000ff800000, 0x00000000ff800000|100%| E|CS|TAMS 0x00000000ff700000| PB 0x00000000ff700000| Complete 
|2040|0x00000000ff800000, 0x00000000ff900000, 0x00000000ff900000|100%| O|  |TAMS 0x00000000ff800000| PB 0x00000000ff800000| Untracked 
|2041|0x00000000ff900000, 0x00000000ffa00000, 0x00000000ffa00000|100%| E|CS|TAMS 0x00000000ff900000| PB 0x00000000ff900000| Complete 
|2042|0x00000000ffa00000, 0x00000000ffb00000, 0x00000000ffb00000|100%| E|CS|TAMS 0x00000000ffa00000| PB 0x00000000ffa00000| Complete 
|2043|0x00000000ffb00000, 0x00000000ffc00000, 0x00000000ffc00000|100%| E|CS|TAMS 0x00000000ffb00000| PB 0x00000000ffb00000| Complete 
|2044|0x00000000ffc00000, 0x00000000ffd00000, 0x00000000ffd00000|100%| E|CS|TAMS 0x00000000ffc00000| PB 0x00000000ffc00000| Complete 
|2045|0x00000000ffd00000, 0x00000000ffe00000, 0x00000000ffe00000|100%| E|CS|TAMS 0x00000000ffd00000| PB 0x00000000ffd00000| Complete 
|2046|0x00000000ffe00000, 0x00000000fff00000, 0x00000000fff00000|100%| O|  |TAMS 0x00000000ffe00000| PB 0x00000000ffe00000| Untracked 
|2047|0x00000000fff00000, 0x0000000100000000, 0x0000000100000000|100%| O|  |TAMS 0x00000000fff00000| PB 0x00000000fff00000| Untracked 

Card table byte_map: [0x000001347bdf0000,0x000001347c1f0000] _byte_map_base: 0x000001347b9f0000

Marking Bits: (CMBitMap*) 0x000001347b984160
 Bits: [0x000001347c1f0000, 0x000001347e1f0000)

Polling page: 0x0000013479770000

Metaspace:

Usage:
  Non-class:    153.43 MB used.
      Class:     22.96 MB used.
       Both:    176.39 MB used.

Virtual space:
  Non-class space:      192.00 MB reserved,     155.00 MB ( 81%) committed,  3 nodes.
      Class space:      416.00 MB reserved,      24.44 MB (  6%) committed,  1 nodes.
             Both:      608.00 MB reserved,     179.44 MB ( 30%) committed. 

Chunk freelists:
   Non-Class:  4.47 MB
       Class:  7.41 MB
        Both:  11.88 MB

MaxMetaspaceSize: 512.00 MB
CompressedClassSpaceSize: 416.00 MB
Initial GC threshold: 21.00 MB
Current GC threshold: 296.81 MB
CDS: on
 - commit_granule_bytes: 65536.
 - commit_granule_words: 8192.
 - virtual_space_node_default_size: 8388608.
 - enlarge_chunks_in_place: 1.
 - use_allocation_guard: 0.


Internal statistics:

num_allocs_failed_limit: 6.
num_arena_births: 5384.
num_arena_deaths: 34.
num_vsnodes_births: 4.
num_vsnodes_deaths: 0.
num_space_committed: 2899.
num_space_uncommitted: 22.
num_chunks_returned_to_freelist: 194.
num_chunks_taken_from_freelist: 13763.
num_chunk_merges: 48.
num_chunk_splits: 9044.
num_chunks_enlarged: 5898.
num_inconsistent_stats: 0.

CodeHeap 'non-profiled nmethods': size=128256Kb used=21181Kb max_used=25150Kb free=107074Kb
 bounds [0x0000013410930000, 0x00000134121c0000, 0x0000013418670000]
CodeHeap 'profiled nmethods': size=128192Kb used=45576Kb max_used=56303Kb free=82615Kb
 bounds [0x0000013408670000, 0x000001340bd70000, 0x00000134103a0000]
CodeHeap 'non-nmethods': size=5696Kb used=3255Kb max_used=3320Kb free=2440Kb
 bounds [0x00000134103a0000, 0x0000013410700000, 0x0000013410930000]
CodeCache: size=262144Kb, used=70012Kb, max_used=84773Kb, free=192129Kb
 total_blobs=20879, nmethods=19693, adapters=1088, full_count=0
Compilation: enabled, stopped_count=0, restarted_count=0

Compilation events (20 events):
Event: 540.767 Thread 0x000001341a877f10 40869       1       com.android.tools.build.apkzlib.zip.ZFileOptions::getAlignmentRule (5 bytes)
Event: 540.767 Thread 0x000001341a877f10 nmethod 40869 0x0000013410d80390 code [0x0000013410d80520, 0x0000013410d805e8]
Event: 540.767 Thread 0x000001341a877f10 40870       1       com.android.tools.build.apkzlib.zip.ZFileOptions::getNoTimestamps (5 bytes)
Event: 540.768 Thread 0x000001341a877f10 nmethod 40870 0x0000013410d84f90 code [0x0000013410d85120, 0x0000013410d851f0]
Event: 540.768 Thread 0x000001341a877f10 40871       1       com.android.tools.build.apkzlib.zip.ZFileOptions::getStorageFactory (5 bytes)
Event: 540.768 Thread 0x000001341a877f10 nmethod 40871 0x0000013410d85890 code [0x0000013410d85a20, 0x0000013410d85ae8]
Event: 540.768 Thread 0x000001341a877f10 40872       1       com.android.tools.build.apkzlib.zip.ZFileOptions::getCompressor (5 bytes)
Event: 540.769 Thread 0x000001341a877f10 nmethod 40872 0x0000013410d87b10 code [0x0000013410d87ca0, 0x0000013410d87d68]
Event: 540.769 Thread 0x000001341a877f10 40873       1       com.android.tools.build.apkzlib.zip.ZFileOptions::getAutoSortFiles (5 bytes)
Event: 540.770 Thread 0x000001341a877f10 nmethod 40873 0x0000013410d88110 code [0x0000013410d882a0, 0x0000013410d88370]
Event: 540.770 Thread 0x000001341a877f10 40874       1       com.android.tools.build.apkzlib.zip.ZFileOptions::getVerifyLogFactory (5 bytes)
Event: 540.770 Thread 0x000001341a877f10 nmethod 40874 0x0000013410d94f90 code [0x0000013410d95120, 0x0000013410d951e8]
Event: 540.770 Thread 0x000001341a877f10 40875       1       com.android.tools.build.apkzlib.zip.ZFileOptions::getSkipValidation (5 bytes)
Event: 540.770 Thread 0x000001341a877f10 nmethod 40875 0x0000013410da1410 code [0x0000013410da15a0, 0x0000013410da1670]
Event: 540.771 Thread 0x000001341a877f10 40876       3       com.android.tools.build.apkzlib.zip.Eocd::getEocdSize (15 bytes)
Event: 540.771 Thread 0x000001341a877f10 nmethod 40876 0x00000134093edc10 code [0x00000134093eddc0, 0x00000134093edfd8]
Event: 540.771 Thread 0x000001341a877f10 40877       1       com.android.tools.build.apkzlib.zip.Eocd::getTotalRecords (5 bytes)
Event: 540.772 Thread 0x000001341a877f10 nmethod 40877 0x0000013410da5710 code [0x0000013410da58a0, 0x0000013410da5968]
Event: 540.772 Thread 0x000001341a877f10 40878       1       com.android.tools.build.apkzlib.zip.ZFile::getVerifyLog (5 bytes)
Event: 540.772 Thread 0x000001341a877f10 nmethod 40878 0x0000013410daec90 code [0x0000013410daee20, 0x0000013410daeee8]

GC Heap History (20 events):
Event: 410.175 GC heap before
{Heap before GC invocations=91 (full 0):
 garbage-first heap   total 583680K, used 366859K [0x0000000080000000, 0x0000000100000000)
  region size 1024K, 14 young (14336K), 10 survivors (10240K)
 Metaspace       used 159231K, committed 162304K, reserved 622592K
  class space    used 20771K, committed 22208K, reserved 425984K
}
Event: 410.211 GC heap after
{Heap after GC invocations=92 (full 0):
 garbage-first heap   total 583680K, used 359424K [0x0000000080000000, 0x0000000100000000)
  region size 1024K, 9 young (9216K), 9 survivors (9216K)
 Metaspace       used 159231K, committed 162304K, reserved 622592K
  class space    used 20771K, committed 22208K, reserved 425984K
}
Event: 426.638 GC heap before
{Heap before GC invocations=93 (full 0):
 garbage-first heap   total 593920K, used 537600K [0x0000000080000000, 0x0000000100000000)
  region size 1024K, 183 young (187392K), 9 survivors (9216K)
 Metaspace       used 158604K, committed 161920K, reserved 622592K
  class space    used 20725K, committed 22272K, reserved 425984K
}
Event: 426.755 GC heap after
{Heap after GC invocations=94 (full 0):
 garbage-first heap   total 593920K, used 376878K [0x0000000080000000, 0x0000000100000000)
  region size 1024K, 23 young (23552K), 23 survivors (23552K)
 Metaspace       used 158604K, committed 161920K, reserved 622592K
  class space    used 20725K, committed 22272K, reserved 425984K
}
Event: 435.786 GC heap before
{Heap before GC invocations=94 (full 0):
 garbage-first heap   total 593920K, used 454702K [0x0000000080000000, 0x0000000100000000)
  region size 1024K, 93 young (95232K), 23 survivors (23552K)
 Metaspace       used 158932K, committed 162048K, reserved 622592K
  class space    used 20746K, committed 22272K, reserved 425984K
}
Event: 435.879 GC heap after
{Heap after GC invocations=95 (full 0):
 garbage-first heap   total 593920K, used 376320K [0x0000000080000000, 0x0000000100000000)
  region size 1024K, 8 young (8192K), 8 survivors (8192K)
 Metaspace       used 158932K, committed 162048K, reserved 622592K
  class space    used 20746K, committed 22272K, reserved 425984K
}
Event: 469.561 GC heap before
{Heap before GC invocations=95 (full 0):
 garbage-first heap   total 745472K, used 743936K [0x0000000080000000, 0x0000000100000000)
  region size 1024K, 148 young (151552K), 8 survivors (8192K)
 Metaspace       used 164899K, committed 167936K, reserved 622592K
  class space    used 21561K, committed 23040K, reserved 425984K
}
Event: 469.807 GC heap after
{Heap after GC invocations=96 (full 0):
 garbage-first heap   total 763904K, used 374272K [0x0000000080000000, 0x0000000100000000)
  region size 1024K, 13 young (13312K), 13 survivors (13312K)
 Metaspace       used 164899K, committed 167936K, reserved 622592K
  class space    used 21561K, committed 23040K, reserved 425984K
}
Event: 470.770 GC heap before
{Heap before GC invocations=96 (full 0):
 garbage-first heap   total 763904K, used 409088K [0x0000000080000000, 0x0000000100000000)
  region size 1024K, 49 young (50176K), 13 survivors (13312K)
 Metaspace       used 168725K, committed 171712K, reserved 622592K
  class space    used 22115K, committed 23552K, reserved 425984K
}
Event: 470.821 GC heap after
{Heap after GC invocations=97 (full 0):
 garbage-first heap   total 763904K, used 372736K [0x0000000080000000, 0x0000000100000000)
  region size 1024K, 14 young (14336K), 14 survivors (14336K)
 Metaspace       used 168725K, committed 171712K, reserved 622592K
  class space    used 22115K, committed 23552K, reserved 425984K
}
Event: 486.225 GC heap before
{Heap before GC invocations=98 (full 0):
 garbage-first heap   total 763904K, used 719872K [0x0000000080000000, 0x0000000100000000)
  region size 1024K, 348 young (356352K), 14 survivors (14336K)
 Metaspace       used 177829K, committed 180992K, reserved 622592K
  class space    used 23181K, committed 24704K, reserved 425984K
}
Event: 486.314 GC heap after
{Heap after GC invocations=99 (full 0):
 garbage-first heap   total 763904K, used 373851K [0x0000000080000000, 0x0000000100000000)
  region size 1024K, 15 young (15360K), 15 survivors (15360K)
 Metaspace       used 177829K, committed 180992K, reserved 622592K
  class space    used 23181K, committed 24704K, reserved 425984K
}
Event: 490.391 GC heap before
{Heap before GC invocations=99 (full 0):
 garbage-first heap   total 763904K, used 458843K [0x0000000080000000, 0x0000000100000000)
  region size 1024K, 99 young (101376K), 15 survivors (15360K)
 Metaspace       used 178030K, committed 181184K, reserved 622592K
  class space    used 23197K, committed 24704K, reserved 425984K
}
Event: 490.598 GC heap after
{Heap after GC invocations=100 (full 0):
 garbage-first heap   total 763904K, used 372668K [0x0000000080000000, 0x0000000100000000)
  region size 1024K, 4 young (4096K), 4 survivors (4096K)
 Metaspace       used 178030K, committed 181184K, reserved 622592K
  class space    used 23197K, committed 24704K, reserved 425984K
}
Event: 510.471 GC heap before
{Heap before GC invocations=100 (full 0):
 garbage-first heap   total 763904K, used 730044K [0x0000000080000000, 0x0000000100000000)
  region size 1024K, 348 young (356352K), 4 survivors (4096K)
 Metaspace       used 178978K, committed 182144K, reserved 622592K
  class space    used 23274K, committed 24832K, reserved 425984K
}
Event: 510.548 GC heap after
{Heap after GC invocations=101 (full 0):
 garbage-first heap   total 763904K, used 362880K [0x0000000080000000, 0x0000000100000000)
  region size 1024K, 4 young (4096K), 4 survivors (4096K)
 Metaspace       used 178978K, committed 182144K, reserved 622592K
  class space    used 23274K, committed 24832K, reserved 425984K
}
Event: 517.587 GC heap before
{Heap before GC invocations=101 (full 0):
 garbage-first heap   total 763904K, used 518528K [0x0000000080000000, 0x0000000100000000)
  region size 1024K, 157 young (160768K), 4 survivors (4096K)
 Metaspace       used 179300K, committed 182464K, reserved 622592K
  class space    used 23308K, committed 24832K, reserved 425984K
}
Event: 517.614 GC heap after
{Heap after GC invocations=102 (full 0):
 garbage-first heap   total 763904K, used 359004K [0x0000000080000000, 0x0000000100000000)
  region size 1024K, 2 young (2048K), 2 survivors (2048K)
 Metaspace       used 179300K, committed 182464K, reserved 622592K
  class space    used 23308K, committed 24832K, reserved 425984K
}
Event: 538.142 GC heap before
{Heap before GC invocations=103 (full 0):
 garbage-first heap   total 763904K, used 723548K [0x0000000080000000, 0x0000000100000000)
  region size 1024K, 359 young (367616K), 2 survivors (2048K)
 Metaspace       used 180008K, committed 183168K, reserved 622592K
  class space    used 23432K, committed 24960K, reserved 425984K
}
Event: 538.238 GC heap after
{Heap after GC invocations=104 (full 0):
 garbage-first heap   total 763904K, used 367609K [0x0000000080000000, 0x0000000100000000)
  region size 1024K, 13 young (13312K), 13 survivors (13312K)
 Metaspace       used 180008K, committed 183168K, reserved 622592K
  class space    used 23432K, committed 24960K, reserved 425984K
}

Dll operation events (16 events):
Event: 0.025 Loaded shared library C:\Program Files\Microsoft\jdk-21.0.11.10-hotspot\bin\java.dll
Event: 0.171 Loaded shared library C:\Program Files\Microsoft\jdk-21.0.11.10-hotspot\bin\jsvml.dll
Event: 0.378 Loaded shared library C:\Program Files\Microsoft\jdk-21.0.11.10-hotspot\bin\zip.dll
Event: 0.395 Loaded shared library C:\Program Files\Microsoft\jdk-21.0.11.10-hotspot\bin\instrument.dll
Event: 0.432 Loaded shared library C:\Program Files\Microsoft\jdk-21.0.11.10-hotspot\bin\net.dll
Event: 0.436 Loaded shared library C:\Program Files\Microsoft\jdk-21.0.11.10-hotspot\bin\nio.dll
Event: 0.444 Loaded shared library C:\Program Files\Microsoft\jdk-21.0.11.10-hotspot\bin\zip.dll
Event: 0.978 Loaded shared library C:\Program Files\Microsoft\jdk-21.0.11.10-hotspot\bin\jimage.dll
Event: 1.305 Loaded shared library C:\Program Files\Microsoft\jdk-21.0.11.10-hotspot\bin\verify.dll
Event: 1.499 Loaded shared library C:\Users\Administrator\.gradle\native\1def1411415f61bf3af743bc5b6707747c0891f09f0c88961ee8f79bc544acac\windows-amd64\native-platform.dll
Event: 1.519 Loaded shared library C:\Users\Administrator\.gradle\native\0.2.7\x86_64-windows-gnu\gradle-fileevents.dll
Event: 3.479 Loaded shared library C:\Program Files\Microsoft\jdk-21.0.11.10-hotspot\bin\management.dll
Event: 3.484 Loaded shared library C:\Program Files\Microsoft\jdk-21.0.11.10-hotspot\bin\management_ext.dll
Event: 3.739 Loaded shared library C:\Program Files\Microsoft\jdk-21.0.11.10-hotspot\bin\extnet.dll
Event: 4.132 Loaded shared library C:\Program Files\Microsoft\jdk-21.0.11.10-hotspot\bin\sunmscapi.dll
Event: 340.771 Loaded shared library C:\Program Files\Microsoft\jdk-21.0.11.10-hotspot\bin\rmi.dll

Deoptimization events (20 events):
Event: 540.385 Thread 0x00000134442b8590 Uncommon trap: trap_request=0xffffff45 fr.pc=0x00000134110ad8a0 relative=0x0000000000001020
Event: 540.385 Thread 0x00000134442b8590 Uncommon trap: reason=unstable_if action=reinterpret pc=0x00000134110ad8a0 method=java.util.concurrent.FutureTask.run()V @ 63 c2
Event: 540.385 Thread 0x00000134442b8590 DEOPT PACKING pc=0x00000134110ad8a0 sp=0x0000002690cfe9c0
Event: 540.385 Thread 0x00000134442b8590 DEOPT UNPACKING pc=0x00000134103f7ba2 sp=0x0000002690cfe980 mode 2
Event: 540.385 Thread 0x000001343bf16a50 Uncommon trap: trap_request=0xffffff45 fr.pc=0x0000013411306310 relative=0x0000000000000070
Event: 540.385 Thread 0x000001343bf16a50 Uncommon trap: reason=unstable_if action=reinterpret pc=0x0000013411306310 method=java.util.concurrent.FutureTask.report(I)Ljava/lang/Object; @ 7 c2
Event: 540.385 Thread 0x000001343bf16a50 DEOPT PACKING pc=0x0000013411306310 sp=0x000000268e8fa670
Event: 540.386 Thread 0x000001343bf16a50 DEOPT UNPACKING pc=0x00000134103f7ba2 sp=0x000000268e8fa5f0 mode 2
Event: 540.388 Thread 0x000001343bf16a50 Uncommon trap: trap_request=0xffffff45 fr.pc=0x00000134112e7ca8 relative=0x0000000000000928
Event: 540.388 Thread 0x000001343bf16a50 Uncommon trap: reason=unstable_if action=reinterpret pc=0x00000134112e7ca8 method=org.gradle.internal.operations.DefaultBuildOperationRunner$2.execute(Lorg/gradle/internal/operations/BuildOperationDescriptor;Lorg/gradle/internal/operations/BuildOperationS
Event: 540.388 Thread 0x000001343bf16a50 DEOPT PACKING pc=0x00000134112e7ca8 sp=0x000000268e8fadd0
Event: 540.388 Thread 0x000001343bf16a50 DEOPT UNPACKING pc=0x00000134103f7ba2 sp=0x000000268e8fad10 mode 2
Event: 540.581 Thread 0x00000134451db070 Uncommon trap: trap_request=0xffffff45 fr.pc=0x0000013410e9e238 relative=0x0000000000002418
Event: 540.581 Thread 0x00000134451db070 Uncommon trap: reason=unstable_if action=reinterpret pc=0x0000013410e9e238 method=com.android.tools.build.apkzlib.zip.ZipField.verify(Ljava/nio/ByteBuffer;JLcom/android/tools/build/apkzlib/zip/VerifyLog;)V @ 16 c2
Event: 540.581 Thread 0x00000134451db070 DEOPT PACKING pc=0x0000013410e9e238 sp=0x0000002690ffd940
Event: 540.581 Thread 0x00000134451db070 DEOPT UNPACKING pc=0x00000134103f7ba2 sp=0x0000002690ffd840 mode 2
Event: 540.582 Thread 0x00000134451db070 Uncommon trap: trap_request=0xffffff45 fr.pc=0x0000013410a85188 relative=0x0000000000000368
Event: 540.582 Thread 0x00000134451db070 Uncommon trap: reason=unstable_if action=reinterpret pc=0x0000013410a85188 method=com.android.tools.build.apkzlib.zip.ZipField.verify(Ljava/nio/ByteBuffer;JLcom/android/tools/build/apkzlib/zip/VerifyLog;)V @ 16 c2
Event: 540.582 Thread 0x00000134451db070 DEOPT PACKING pc=0x0000013410a85188 sp=0x0000002690ffd880
Event: 540.582 Thread 0x00000134451db070 DEOPT UNPACKING pc=0x00000134103f7ba2 sp=0x0000002690ffd838 mode 2

Classes loaded (20 events):
Event: 471.497 Loading class java/util/stream/SliceOps
Event: 471.498 Loading class java/util/stream/SliceOps done
Event: 471.498 Loading class java/util/stream/SliceOps$1
Event: 471.500 Loading class java/util/stream/SliceOps$1 done
Event: 471.514 Loading class java/util/stream/SliceOps$1$1
Event: 471.516 Loading class java/util/stream/SliceOps$1$1 done
Event: 476.940 Loading class java/nio/ShortBuffer
Event: 476.945 Loading class java/nio/ShortBuffer done
Event: 477.083 Loading class java/nio/ByteBufferAsShortBufferL
Event: 477.085 Loading class java/nio/ByteBufferAsShortBufferL done
Event: 477.153 Loading class java/util/zip/Adler32
Event: 477.156 Loading class java/util/zip/Adler32 done
Event: 514.570 Loading class java/util/zip/ZipOutputStream
Event: 514.575 Loading class java/util/zip/ZipOutputStream done
Event: 518.084 Loading class java/nio/file/FileTreeIterator
Event: 518.087 Loading class java/nio/file/FileTreeIterator done
Event: 523.270 Loading class java/util/zip/ZipOutputStream$XEntry
Event: 523.273 Loading class java/util/zip/ZipOutputStream$XEntry done
Event: 538.370 Loading class sun/nio/cs/US_ASCII$Decoder
Event: 538.373 Loading class sun/nio/cs/US_ASCII$Decoder done

Classes unloaded (20 events):
Event: 520.283 Thread 0x000001341a7ea050 Unloading class 0x000001341d5193c0 'jdk/internal/jimage/ImageHeader'
Event: 520.283 Thread 0x000001341a7ea050 Unloading class 0x000001341d519188 'jdk/internal/jimage/BasicImageReader$2'
Event: 520.283 Thread 0x000001341a7ea050 Unloading class 0x000001341d518f50 'jdk/internal/jimage/BasicImageReader$1'
Event: 520.283 Thread 0x000001341a7ea050 Unloading class 0x000001341d518ce0 'jdk/internal/jimage/ImageReader$Resource'
Event: 520.284 Thread 0x000001341a7ea050 Unloading class 0x000001341d518a70 'jdk/internal/jimage/ImageReader$LinkNode'
Event: 520.284 Thread 0x000001341a7ea050 Unloading class 0x000001341d518800 'jdk/internal/jimage/ImageReader$Directory'
Event: 520.284 Thread 0x000001341a7ea050 Unloading class 0x000001341d518590 'jdk/internal/jimage/ImageReader$Node'
Event: 520.284 Thread 0x000001341a7ea050 Unloading class 0x000001341d587df8 'jdk/internal/jimage/ImageStrings'
Event: 520.284 Thread 0x000001341a7ea050 Unloading class 0x000001341d5182c8 'jdk/internal/jimage/ImageReader$SharedImageReader'
Event: 520.285 Thread 0x000001341a7ea050 Unloading class 0x000001341d518000 'jdk/internal/jimage/BasicImageReader'
Event: 520.285 Thread 0x000001341a7ea050 Unloading class 0x000001341d593d50 'jdk/internal/jimage/ImageReader'
Event: 520.285 Thread 0x000001341a7ea050 Unloading class 0x000001341d593b20 'jdk/internal/jrtfs/SystemImage$2'
Event: 520.285 Thread 0x000001341a7ea050 Unloading class 0x000001341d593900 'jdk/internal/jrtfs/SystemImage$$Lambda+0x000001341d593900'
Event: 520.285 Thread 0x000001341a7ea050 Unloading class 0x000001341d5936c8 'jdk/internal/jrtfs/ExplodedImage'
Event: 520.285 Thread 0x000001341a7ea050 Unloading class 0x000001341d593488 'jdk/internal/jrtfs/SystemImage$1'
Event: 520.285 Thread 0x000001341a7ea050 Unloading class 0x000001341d593268 'jdk/internal/jrtfs/SystemImage'
Event: 520.285 Thread 0x000001341a7ea050 Unloading class 0x000001341d593000 'jdk/internal/jrtfs/JrtFileStore'
Event: 520.286 Thread 0x000001341a7ea050 Unloading class 0x000001341d590800 'jdk/internal/jrtfs/JrtPath'
Event: 520.286 Thread 0x000001341a7ea050 Unloading class 0x000001341d587af8 'jdk/internal/jrtfs/JrtFileSystem'
Event: 520.286 Thread 0x000001341a7ea050 Unloading class 0x000001341d587800 'jdk/internal/jrtfs/JrtFileSystemProvider'

Classes redefined (0 events):
No events

Internal exceptions (20 events):
Event: 531.341 Thread 0x000001343bf11500 Exception <a 'sun/nio/fs/WindowsException'{0x000000009f909940}> (0x000000009f909940) 
thrown [s\src\hotspot\share\prims\jni.cpp, line 520]
Event: 531.459 Thread 0x000001343bf11500 Exception <a 'sun/nio/fs/WindowsException'{0x000000009f9219e8}> (0x000000009f9219e8) 
thrown [s\src\hotspot\share\prims\jni.cpp, line 520]
Event: 533.865 Thread 0x000001343bf11500 Exception <a 'sun/nio/fs/WindowsException'{0x000000009f9ddb78}> (0x000000009f9ddb78) 
thrown [s\src\hotspot\share\prims\jni.cpp, line 520]
Event: 535.477 Thread 0x000001343bf11500 Exception <a 'sun/nio/fs/WindowsException'{0x000000009d73f6f0}> (0x000000009d73f6f0) 
thrown [s\src\hotspot\share\prims\jni.cpp, line 520]
Event: 535.480 Thread 0x000001343bf11500 Exception <a 'sun/nio/fs/WindowsException'{0x000000009d7405a8}> (0x000000009d7405a8) 
thrown [s\src\hotspot\share\prims\jni.cpp, line 520]
Event: 535.481 Thread 0x000001343bf11500 Exception <a 'sun/nio/fs/WindowsException'{0x000000009d740700}> (0x000000009d740700) 
thrown [s\src\hotspot\share\prims\jni.cpp, line 520]
Event: 535.517 Thread 0x00000134451db070 Exception <a 'sun/nio/fs/WindowsException'{0x000000009d6554d8}> (0x000000009d6554d8) 
thrown [s\src\hotspot\share\prims\jni.cpp, line 520]
Event: 535.518 Thread 0x00000134451db070 Exception <a 'sun/nio/fs/WindowsException'{0x000000009d655888}> (0x000000009d655888) 
thrown [s\src\hotspot\share\prims\jni.cpp, line 520]
Event: 535.650 Thread 0x000001343bf156a0 Exception <a 'sun/nio/fs/WindowsException'{0x000000009d5a9350}> (0x000000009d5a9350) 
thrown [s\src\hotspot\share\prims\jni.cpp, line 520]
Event: 537.433 Thread 0x00000134451d8fa0 Exception <a 'sun/nio/fs/WindowsException'{0x00000000995027b8}> (0x00000000995027b8) 
thrown [s\src\hotspot\share\prims\jni.cpp, line 520]
Event: 538.369 Thread 0x00000134451db070 Implicit null exception at 0x000001341168e2b5 to 0x000001341168f6a8
Event: 538.795 Thread 0x00000134451d8fa0 Exception <a 'sun/nio/fs/WindowsException'{0x00000000ffda32c8}> (0x00000000ffda32c8) 
thrown [s\src\hotspot\share\prims\jni.cpp, line 520]
Event: 539.226 Thread 0x00000134451d8fa0 Exception <a 'sun/nio/fs/WindowsException'{0x00000000ffda6378}> (0x00000000ffda6378) 
thrown [s\src\hotspot\share\prims\jni.cpp, line 520]
Event: 539.428 Thread 0x00000134451d8fa0 Exception <a 'sun/nio/fs/WindowsException'{0x00000000ffda9418}> (0x00000000ffda9418) 
thrown [s\src\hotspot\share\prims\jni.cpp, line 520]
Event: 539.935 Thread 0x00000134451d8fa0 Exception <a 'sun/nio/fs/WindowsException'{0x00000000ffdac530}> (0x00000000ffdac530) 
thrown [s\src\hotspot\share\prims\jni.cpp, line 520]
Event: 540.082 Thread 0x00000134451d8fa0 Exception <a 'sun/nio/fs/WindowsException'{0x00000000a6797270}> (0x00000000a6797270) 
thrown [s\src\hotspot\share\prims\jni.cpp, line 520]
Event: 540.376 Thread 0x000001343fcf3770 Exception <a 'java/lang/OutOfMemoryError'{0x00000000a5ab1ef0}> (0x00000000a5ab1ef0) 
thrown [s\src\hotspot\share\prims\jni.cpp, line 539]
Event: 540.408 Thread 0x00000134451d8fa0 Exception <a 'sun/nio/fs/WindowsException'{0x00000000a679a310}> (0x00000000a679a310) 
thrown [s\src\hotspot\share\prims\jni.cpp, line 520]
Event: 540.519 Thread 0x00000134451d8fa0 Exception <a 'sun/nio/fs/WindowsException'{0x00000000a679d378}> (0x00000000a679d378) 
thrown [s\src\hotspot\share\prims\jni.cpp, line 520]
Event: 540.694 Thread 0x00000134451d8fa0 Exception <a 'sun/nio/fs/WindowsException'{0x00000000a67a0538}> (0x00000000a67a0538) 
thrown [s\src\hotspot\share\prims\jni.cpp, line 520]

ZGC Phase Switch (0 events):
No events

VM Operations (20 events):
Event: 525.592 Executing safepoint VM operation: Cleanup
Event: 525.592 Executing safepoint VM operation: Cleanup done
Event: 526.593 Executing safepoint VM operation: Cleanup
Event: 526.593 Executing safepoint VM operation: Cleanup done
Event: 528.597 Executing safepoint VM operation: Cleanup
Event: 528.597 Executing safepoint VM operation: Cleanup done
Event: 530.598 Executing safepoint VM operation: Cleanup
Event: 530.598 Executing safepoint VM operation: Cleanup done
Event: 532.601 Executing safepoint VM operation: Cleanup
Event: 532.601 Executing safepoint VM operation: Cleanup done
Event: 534.602 Executing safepoint VM operation: Cleanup
Event: 534.602 Executing safepoint VM operation: Cleanup done
Event: 535.603 Executing safepoint VM operation: Cleanup
Event: 535.603 Executing safepoint VM operation: Cleanup done
Event: 537.604 Executing safepoint VM operation: Cleanup
Event: 537.604 Executing safepoint VM operation: Cleanup done
Event: 538.140 Executing safepoint VM operation: G1CollectForAllocation (G1 Evacuation Pause)
Event: 538.238 Executing safepoint VM operation: G1CollectForAllocation (G1 Evacuation Pause) done
Event: 539.239 Executing safepoint VM operation: Cleanup
Event: 539.239 Executing safepoint VM operation: Cleanup done

Memory protections (0 events):
No events

Nmethod flushes (20 events):
Event: 521.743 Thread 0x000001341a7ea050 flushing  nmethod 0x000001340b23d910
Event: 521.743 Thread 0x000001341a7ea050 flushing  nmethod 0x000001340b247d10
Event: 521.743 Thread 0x000001341a7ea050 flushing  nmethod 0x000001340b2bec90
Event: 521.743 Thread 0x000001341a7ea050 flushing  nmethod 0x000001340b2c2410
Event: 521.743 Thread 0x000001341a7ea050 flushing  nmethod 0x000001340b2c8810
Event: 521.743 Thread 0x000001341a7ea050 flushing  nmethod 0x000001340b2d7510
Event: 521.743 Thread 0x000001341a7ea050 flushing  nmethod 0x000001340b2d7910
Event: 521.743 Thread 0x000001341a7ea050 flushing  nmethod 0x000001340b38c490
Event: 521.743 Thread 0x000001341a7ea050 flushing  nmethod 0x000001340b3aec90
Event: 521.743 Thread 0x000001341a7ea050 flushing  nmethod 0x000001340b3b6d90
Event: 521.743 Thread 0x000001341a7ea050 flushing  nmethod 0x000001340b3bb610
Event: 521.743 Thread 0x000001341a7ea050 flushing  nmethod 0x000001340b450610
Event: 521.743 Thread 0x000001341a7ea050 flushing  nmethod 0x000001340b456710
Event: 521.743 Thread 0x000001341a7ea050 flushing  nmethod 0x000001340b457e10
Event: 521.743 Thread 0x000001341a7ea050 flushing  nmethod 0x000001340b513910
Event: 521.744 Thread 0x000001341a7ea050 flushing  nmethod 0x000001340b5dd790
Event: 521.744 Thread 0x000001341a7ea050 flushing  nmethod 0x000001340b5eb990
Event: 521.744 Thread 0x000001341a7ea050 flushing  nmethod 0x000001340b60f790
Event: 521.744 Thread 0x000001341a7ea050 flushing  nmethod 0x000001340b61bd90
Event: 521.744 Thread 0x000001341a7ea050 flushing  nmethod 0x000001340b65e290

Events (20 events):
Event: 340.774 Thread 0x00000134451d8fa0 Thread added: 0x00000134451e1970
Event: 340.904 Thread 0x00000134451d8fa0 Thread added: 0x00000134451e2000
Event: 340.904 Thread 0x00000134451d8fa0 Thread added: 0x00000134451dbd90
Event: 340.968 Thread 0x00000134451e2000 Thread added: 0x00000134451e4df0
Event: 341.035 Thread 0x00000134442b8590 Thread added: 0x00000134451e3a40
Event: 341.139 Thread 0x00000134451e2000 Thread added: 0x00000134451e4760
Event: 415.033 Thread 0x00000134451e3a40 Thread exited: 0x00000134451e3a40
Event: 415.036 Thread 0x00000134451e12e0 Thread exited: 0x00000134451e12e0
Event: 435.104 Thread 0x00000134451e4760 Thread exited: 0x00000134451e4760
Event: 435.104 Thread 0x00000134451e4df0 Thread exited: 0x00000134451e4df0
Event: 437.797 Thread 0x00000134451d8fa0 Thread added: 0x00000134451e61a0
Event: 438.139 Thread 0x00000134451e2000 Thread added: 0x00000134451df210
Event: 450.242 Thread 0x00000134451e2000 Thread added: 0x00000134451e4760
Event: 450.247 Thread 0x00000134451e2000 Thread added: 0x00000134451e12e0
Event: 469.830 Thread 0x00000134451e61a0 Thread exited: 0x00000134451e61a0
Event: 488.295 Thread 0x00000134451d8fa0 Thread added: 0x000001344cd62140
Event: 510.608 Thread 0x000001344cd62140 Thread exited: 0x000001344cd62140
Event: 525.296 Thread 0x00000134451e4760 Thread exited: 0x00000134451e4760
Event: 525.297 Thread 0x00000134451e12e0 Thread exited: 0x00000134451e12e0
Event: 540.348 Thread 0x00000134442b8590 Thread added: 0x000001343fcf3770


Dynamic libraries:
0x00007ff6713c0000 - 0x00007ff6713ce000 	C:\Program Files\Microsoft\jdk-21.0.11.10-hotspot\bin\java.exe
0x00007ffd0c280000 - 0x00007ffd0c481000 	C:\Windows\SYSTEM32\ntdll.dll
0x00007ffd0a2a0000 - 0x00007ffd0a35c000 	C:\Windows\System32\KERNEL32.DLL
0x00007ffd09e40000 - 0x00007ffd0a1b0000 	C:\Windows\System32\KERNELBASE.dll
0x00007ffd09ab0000 - 0x00007ffd09bc0000 	C:\Windows\System32\ucrtbase.dll
0x00007ffcf3600000 - 0x00007ffcf3618000 	C:\Program Files\Microsoft\jdk-21.0.11.10-hotspot\bin\jli.dll
0x00007ffd0af40000 - 0x00007ffd0b0e5000 	C:\Windows\System32\USER32.dll
0x00007ffd09820000 - 0x00007ffd09846000 	C:\Windows\System32\win32u.dll
0x00007ffd0bc60000 - 0x00007ffd0bc8c000 	C:\Windows\System32\GDI32.dll
0x00007ffd09d20000 - 0x00007ffd09e3d000 	C:\Windows\System32\gdi32full.dll
0x00007ffd09950000 - 0x00007ffd099f0000 	C:\Windows\System32\msvcp_win.dll
0x00007ffcf0920000 - 0x00007ffcf093e000 	C:\Program Files\Microsoft\jdk-21.0.11.10-hotspot\bin\VCRUNTIME140.dll
0x00007ffcf1f90000 - 0x00007ffcf2235000 	C:\Windows\WinSxS\amd64_microsoft.windows.common-controls_6595b64144ccf1df_6.0.20348.4050_none_947855efeeeff556\COMCTL32.dll
0x00007ffd0a6a0000 - 0x00007ffd0a743000 	C:\Windows\System32\msvcrt.dll
0x00007ffd0b540000 - 0x00007ffd0b571000 	C:\Windows\System32\IMM32.DLL
0x00007ffcf38e0000 - 0x00007ffcf38ec000 	C:\Program Files\Microsoft\jdk-21.0.11.10-hotspot\bin\vcruntime140_1.dll
0x00007ffcdd870000 - 0x00007ffcdd8f9000 	C:\Program Files\Microsoft\jdk-21.0.11.10-hotspot\bin\msvcp140.dll
0x00007ffc99890000 - 0x00007ffc9a63e000 	C:\Program Files\Microsoft\jdk-21.0.11.10-hotspot\bin\server\jvm.dll
0x00007ffd0a4f0000 - 0x00007ffd0a5a1000 	C:\Windows\System32\ADVAPI32.dll
0x00007ffd0b580000 - 0x00007ffd0b622000 	C:\Windows\System32\sechost.dll
0x00007ffd097f0000 - 0x00007ffd09817000 	C:\Windows\System32\bcrypt.dll
0x00007ffd0a3d0000 - 0x00007ffd0a4f0000 	C:\Windows\System32\RPCRT4.dll
0x00007ffd0b3b0000 - 0x00007ffd0b421000 	C:\Windows\System32\WS2_32.dll
0x00007ffd096b0000 - 0x00007ffd096fd000 	C:\Windows\SYSTEM32\POWRPROF.dll
0x00007ffcf8750000 - 0x00007ffcf8777000 	C:\Windows\SYSTEM32\WINMM.dll
0x00007ffcfd110000 - 0x00007ffcfd11a000 	C:\Windows\SYSTEM32\VERSION.dll
0x00007ffd09690000 - 0x00007ffd096a3000 	C:\Windows\SYSTEM32\UMPDC.dll
0x00007ffd080d0000 - 0x00007ffd080e7000 	C:\Windows\SYSTEM32\kernel.appcore.dll
0x00007ffcf0910000 - 0x00007ffcf091a000 	C:\Program Files\Microsoft\jdk-21.0.11.10-hotspot\bin\jimage.dll
0x00007ffcfc350000 - 0x00007ffcfc570000 	C:\Windows\SYSTEM32\DBGHELP.DLL
0x00007ffcf99c0000 - 0x00007ffcf99f0000 	C:\Windows\SYSTEM32\dbgcore.DLL
0x00007ffd098d0000 - 0x00007ffd0994f000 	C:\Windows\System32\bcryptPrimitives.dll
0x00007ffced900000 - 0x00007ffced910000 	C:\Program Files\Microsoft\jdk-21.0.11.10-hotspot\bin\instrument.dll
0x00007ffce6960000 - 0x00007ffce6981000 	C:\Program Files\Microsoft\jdk-21.0.11.10-hotspot\bin\java.dll
0x00007ffd0a750000 - 0x00007ffd0aeaa000 	C:\Windows\System32\SHELL32.dll
0x00007ffd011a0000 - 0x00007ffd019e4000 	C:\Windows\SYSTEM32\windows.storage.dll
0x00007ffd0bc90000 - 0x00007ffd0c000000 	C:\Windows\System32\combase.dll
0x00007ffd0a5b0000 - 0x00007ffd0a69a000 	C:\Windows\System32\SHCORE.dll
0x00007ffd0a360000 - 0x00007ffd0a3bf000 	C:\Windows\System32\shlwapi.dll
0x00007ffd09720000 - 0x00007ffd09741000 	C:\Windows\SYSTEM32\profapi.dll
0x00007ffcdd790000 - 0x00007ffcdd866000 	C:\Program Files\Microsoft\jdk-21.0.11.10-hotspot\bin\jsvml.dll
0x00007ffce5300000 - 0x00007ffce5318000 	C:\Program Files\Microsoft\jdk-21.0.11.10-hotspot\bin\zip.dll
0x00007ffcf08f0000 - 0x00007ffcf0901000 	C:\Program Files\Microsoft\jdk-21.0.11.10-hotspot\bin\net.dll
0x00007ffd03270000 - 0x00007ffd03378000 	C:\Windows\SYSTEM32\WINHTTP.dll
0x00007ffd08cf0000 - 0x00007ffd08d58000 	C:\Windows\system32\mswsock.dll
0x00007ffcec580000 - 0x00007ffcec596000 	C:\Program Files\Microsoft\jdk-21.0.11.10-hotspot\bin\nio.dll
0x00007ffce44d0000 - 0x00007ffce44e0000 	C:\Program Files\Microsoft\jdk-21.0.11.10-hotspot\bin\verify.dll
0x00007ffcf5040000 - 0x00007ffcf5067000 	C:\Users\Administrator\.gradle\native\1def1411415f61bf3af743bc5b6707747c0891f09f0c88961ee8f79bc544acac\windows-amd64\native-platform.dll
0x00007ffcf51d0000 - 0x00007ffcf5248000 	C:\Users\Administrator\.gradle\native\0.2.7\x86_64-windows-gnu\gradle-fileevents.dll
0x00007ffcf57d0000 - 0x00007ffcf57da000 	C:\Program Files\Microsoft\jdk-21.0.11.10-hotspot\bin\management.dll
0x00007ffcf5790000 - 0x00007ffcf579c000 	C:\Program Files\Microsoft\jdk-21.0.11.10-hotspot\bin\management_ext.dll
0x00007ffd0b530000 - 0x00007ffd0b538000 	C:\Windows\System32\PSAPI.DLL
0x00007ffd089e0000 - 0x00007ffd08a0d000 	C:\Windows\SYSTEM32\IPHLPAPI.DLL
0x00007ffd0a3c0000 - 0x00007ffd0a3c9000 	C:\Windows\System32\NSI.dll
0x00007ffcf4f60000 - 0x00007ffcf4f69000 	C:\Program Files\Microsoft\jdk-21.0.11.10-hotspot\bin\extnet.dll
0x00007ffd08f50000 - 0x00007ffd08f6b000 	C:\Windows\SYSTEM32\CRYPTSP.dll
0x00007ffd087c0000 - 0x00007ffd087f8000 	C:\Windows\system32\rsaenh.dll
0x00007ffd08df0000 - 0x00007ffd08e1e000 	C:\Windows\SYSTEM32\USERENV.dll
0x00007ffd08f40000 - 0x00007ffd08f4c000 	C:\Windows\SYSTEM32\CRYPTBASE.dll
0x00007ffcfa650000 - 0x00007ffcfa65e000 	C:\Program Files\Microsoft\jdk-21.0.11.10-hotspot\bin\sunmscapi.dll
0x00007ffd09bc0000 - 0x00007ffd09d20000 	C:\Windows\System32\CRYPT32.dll
0x00007ffd09070000 - 0x00007ffd0909f000 	C:\Windows\SYSTEM32\ncrypt.dll
0x00007ffd09030000 - 0x00007ffd09067000 	C:\Windows\SYSTEM32\NTASN1.dll
0x00007ffcfa520000 - 0x00007ffcfa528000 	C:\Windows\system32\wshunix.dll
0x00007ffcda080000 - 0x00007ffcda097000 	C:\Windows\system32\napinsp.dll
0x00007ffd08a10000 - 0x00007ffd08aee000 	C:\Windows\SYSTEM32\DNSAPI.dll
0x00007ffcda060000 - 0x00007ffcda072000 	C:\Windows\System32\winrnr.dll
0x00007ffcdc380000 - 0x00007ffcdc39f000 	C:\Windows\system32\nlansp_c.dll
0x00007ffcda040000 - 0x00007ffcda055000 	C:\Windows\system32\wshbth.dll
0x00007ffcfd100000 - 0x00007ffcfd10a000 	C:\Windows\System32\rasadhlp.dll
0x00007ffd02ae0000 - 0x00007ffd02b62000 	C:\Windows\System32\fwpuclnt.dll
0x00007ffcfa510000 - 0x00007ffcfa517000 	C:\Program Files\Microsoft\jdk-21.0.11.10-hotspot\bin\rmi.dll

JVMTI agents:
C:\Users\Administrator\.gradle\wrapper\dists\gradle-8.14-all\c2qonpi39x1mddn7hk5gh9iqj\gradle-8.14\lib\agents\gradle-instrumentation-agent-8.14.jar path:C:\Program Files\Microsoft\jdk-21.0.11.10-hotspot\bin\instrument.dll, loaded, initialized, instrumentlib options:none

dbghelp: loaded successfully - version: 4.0.5 - missing functions: none
symbol engine: initialized successfully - sym options: 0x614 - pdb path: .;C:\Program Files\Microsoft\jdk-21.0.11.10-hotspot\bin;C:\Windows\SYSTEM32;C:\Windows\WinSxS\amd64_microsoft.windows.common-controls_6595b64144ccf1df_6.0.20348.4050_none_947855efeeeff556;C:\Program Files\Microsoft\jdk-21.0.11.10-hotspot\bin\server;C:\Users\Administrator\.gradle\native\1def1411415f61bf3af743bc5b6707747c0891f09f0c88961ee8f79bc544acac\windows-amd64;C:\Users\Administrator\.gradle\native\0.2.7\x86_64-windows-gnu

VM Arguments:
jvm_args: --add-opens=java.base/java.lang=ALL-UNNAMED --add-opens=java.base/java.lang.invoke=ALL-UNNAMED --add-opens=java.base/java.util=ALL-UNNAMED --add-opens=java.prefs/java.util.prefs=ALL-UNNAMED --add-exports=jdk.compiler/com.sun.tools.javac.api=ALL-UNNAMED --add-exports=jdk.compiler/com.sun.tools.javac.util=ALL-UNNAMED --add-opens=java.base/java.util=ALL-UNNAMED --add-opens=java.prefs/java.util.prefs=ALL-UNNAMED --add-opens=java.base/java.nio.charset=ALL-UNNAMED --add-opens=java.base/java.net=ALL-UNNAMED --add-opens=java.base/java.util.concurrent.atomic=ALL-UNNAMED --add-opens=java.xml/javax.xml.namespace=ALL-UNNAMED -XX:MaxMetaspaceSize=512m -XX:ReservedCodeCacheSize=256m -XX:+HeapDumpOnOutOfMemoryError -Xmx2g -Dfile.encoding=UTF-8 -Duser.country=JP -Duser.language=ja -Duser.variant -javaagent:C:\Users\Administrator\.gradle\wrapper\dists\gradle-8.14-all\c2qonpi39x1mddn7hk5gh9iqj\gradle-8.14\lib\agents\gradle-instrumentation-agent-8.14.jar 
java_command: org.gradle.launcher.daemon.bootstrap.GradleDaemon 8.14
java_class_path (initial): C:\Users\Administrator\.gradle\wrapper\dists\gradle-8.14-all\c2qonpi39x1mddn7hk5gh9iqj\gradle-8.14\lib\gradle-daemon-main-8.14.jar
Launcher Type: SUN_STANDARD

[Global flags]
     intx CICompilerCount                          = 2                                         {product} {ergonomic}
   size_t CompressedClassSpaceSize                 = 436207616                                 {product} {ergonomic}
     uint ConcGCThreads                            = 1                                         {product} {ergonomic}
     uint G1ConcRefinementThreads                  = 3                                         {product} {ergonomic}
   size_t G1HeapRegionSize                         = 1048576                                   {product} {ergonomic}
    uintx GCDrainStackTargetSize                   = 64                                        {product} {ergonomic}
     bool HeapDumpOnOutOfMemoryError               = true                                   {manageable} {command line}
   size_t InitialHeapSize                          = 67108864                                  {product} {ergonomic}
   size_t MarkStackSize                            = 4194304                                   {product} {ergonomic}
   size_t MaxHeapSize                              = 2147483648                                {product} {command line}
   size_t MaxMetaspaceSize                         = 536870912                                 {product} {command line}
   size_t MaxNewSize                               = 1287651328                                {product} {ergonomic}
   size_t MinHeapDeltaBytes                        = 1048576                                   {product} {ergonomic}
   size_t MinHeapSize                              = 8388608                                   {product} {ergonomic}
    uintx NonNMethodCodeHeapSize                   = 5826188                                {pd product} {ergonomic}
    uintx NonProfiledCodeHeapSize                  = 131304634                              {pd product} {ergonomic}
    uintx ProfiledCodeHeapSize                     = 131304634                              {pd product} {ergonomic}
    uintx ReservedCodeCacheSize                    = 268435456                              {pd product} {command line}
     bool SegmentedCodeCache                       = true                                      {product} {ergonomic}
   size_t SoftMaxHeapSize                          = 2147483648                             {manageable} {ergonomic}
     bool UseCompressedOops                        = true                           {product lp64_product} {ergonomic}
     bool UseG1GC                                  = true                                      {product} {ergonomic}
     bool UseLargePagesIndividualAllocation        = false                                  {pd product} {ergonomic}

Logging:
Log output configuration:
 #0: stdout all=warning uptime,level,tags foldmultilines=false
 #1: stderr all=off uptime,level,tags foldmultilines=false

Release file:
IMPLEMENTOR="Microsoft" 
IMPLEMENTOR_VERSION="Microsoft-13877171" 
JAVA_RUNTIME_VERSION="21.0.11+10-LTS" 
JAVA_VERSION="21.0.11" 
JAVA_VERSION_DATE="2026-04-21" 
LIBC="default" 
MODULES="java.base java.compiler java.datatransfer java.xml java.prefs java.desktop java.instrument java.logging java.management java.security.sasl java.naming java.rmi java.management.rmi java.net.http java.scripting java.security.jgss java.transaction.xa java.sql java.sql.rowset java.xml.crypto java.se java.smartcardio jdk.accessibility jdk.internal.jvmstat jdk.attach jdk.charsets jdk.internal.opt jdk.zipfs jdk.compiler jdk.crypto.ec jdk.crypto.cryptoki jdk.crypto.mscapi jdk.dynalink jdk.internal.ed jdk.editpad jdk.hotspot.agent jdk.httpserver jdk.incubator.vector jdk.internal.le jdk.internal.vm.ci jdk.internal.vm.compiler jdk.internal.vm.compiler.management jdk.jartool jdk.javadoc jdk.jcmd jdk.management jdk.management.agent jdk.jconsole jdk.jdeps jdk.jdwp.agent jdk.jdi jdk.jfr jdk.jlink jdk.jpackage jdk.jshell jdk.jsobject jdk.jstatd jdk.localedata jdk.management.jfr jdk.naming.dns jdk.naming.rmi jdk.net jdk.nio.mapmode jdk.random jdk.sctp jdk.security.auth jdk.security.jgss jdk.unsupported jdk.unsupported.desktop jdk.xml.dom" 
OS_ARCH="x86_64" 
OS_NAME="Windows" 
SOURCE=".:git:87e312d67249" 

Environment Variables:
JAVA_HOME=C:\Program Files\Microsoft\jdk-21.0.11.10-hotspot\
CLASSPATH=G:\マイドライブ\apps\business_kids\android\\gradle\wrapper\gradle-wrapper.jar
PATH=C:\Program Files\Microsoft\jdk-21.0.11.10-hotspot\bin;C:\ProgramData\miniconda3\condabin;C:\Users\Administrator\bin;C:\Program Files\Git\mingw64\bin;C:\Program Files\Git\usr\local\bin;C:\Program Files\Git\usr\bin;C:\Program Files\Git\usr\bin;C:\Program Files\Git\mingw64\bin;C:\Program Files\Git\usr\bin;C:\Users\Administrator\bin;C:\Program Files\Microsoft\jdk-21.0.11.10-hotspot\bin;C:\Python314\Scripts;C:\Python314;C:\Windows\system32;C:\Windows;C:\Windows\System32\Wbem;C:\Windows\System32\WindowsPowerShell\v1.0;C:\Windows\System32\OpenSSH;C:\Program Files\PyManager;C:\Program Files\Git\cmd;C:\Program Files\nodejs;C:\ProgramData\chocolatey\bin;C:\flutter\bin;C:\Program Files\GitHub CLI;C:\Program Files\dotnet;C:\ProgramData\miniconda3;C:\ProgramData\miniconda3\Library\mingw-w64\bin;C:\ProgramData\miniconda3\Library\usr\bin;C:\ProgramData\miniconda3\Library\bin;C:\ProgramData\miniconda3\Scripts;C:\ProgramData\miniconda3\bin;C:\ProgramData\miniconda3\condabin;C:\Users\Administrator\AppData\Local\Microsoft\WindowsApps;C:\Users\Administrator\AppData\Local\Programs\Microsoft VS Code\bin;C:\Users\Administrator\AppData\Roaming\npm;C:\Users\Administrator\.dotnet\tools;C:\Users\Administrator\AppData\Roaming\Pub\Cache\bin;C:\Users\Administrator\AppData\Local\Pub\Cache\bin;C:\Program Files\nodejs;C:\Python314;C:\Program Files\Git\mingw64\bin;C:\Program Files\Git\usr\bin\vendor_perl;C:\Program Files\Git\usr\bin\core_perl;C:\Users\Administrator\AppData\Roaming\Claude\local-agent-mode-sessions\c45157e9-7a96-41a8-8330-73c0433d5fe2\07369696-7a89-4133-9b22-1b2f4db82486\rpm\plugin_0155zZVATbJU3jHUmPP9NvMC\bin;C:\Users\Administrator\AppData\Roaming\Claude\local-agent-mode-sessions\c45157e9-7a96-41a8-8330-73c0433d5fe2\07369696-7a89-4133-9b22-1b2f4db82486\rpm\plugin_01Eeb9y5m4iFuY3yRtytYfdc\bin;C:\Users\Administrator\AppData\Roaming\Claude\local-agent-mode-sessions\c45157e9-7a96-41a8-8330-73c0433d5fe2\07369696-7a89-4133-9b22-1b2f4db82486\rpm\plugin_01KmRfL8EXGF3PeqMRzef1TR\bin;C:\Users\Administrator\AppData\Roaming\Claude\local-agent-mode-sessions\c45157e9-7a96-41a8-8330-73c0433d5fe2\07369696-7a89-4133-9b22-1b2f4db82486\rpm\plugin_01VTbvGZYaCVU2CNSvhDCnkg\bin;C:\Users\Administrator\AppData\Roaming\Claude\local-agent-mode-sessions\skills-plugin\07369696-7a89-4133-9b22-1b2f4db82486\c45157e9-7a96-41a8-8330-73c0433d5fe2\bin;C:\flutter\bin\mingit\cmd
USERNAME=Administrator
SHELL=C:\Program Files\Git\usr\bin\bash.exe
TERM=xterm-256color
OS=MINGW64_NT-10.0-20348
PROCESSOR_IDENTIFIER=Intel64 Family 6 Model 143 Stepping 8, GenuineIntel
TMP=C:\Users\ADMINI~1\AppData\Local\Temp
TEMP=C:\Users\ADMINI~1\AppData\Local\Temp




Periodic native trim disabled

---------------  S Y S T E M  ---------------

OS:
 Windows Server 2022 , 64 bit Build 20348 (10.0.20348.3692)
OS uptime: 3 days 5:44 hours
Hyper-V role detected

CPU: total 3 (initial active 3) (1 cores per cpu, 1 threads per core) family 6 model 143 stepping 8 microcode 0x2b000622, cx8, cmov, fxsr, mmx, 3dnowpref, sse, sse2, sse3, ssse3, sse4.1, sse4.2, popcnt, lzcnt, tsc, avx, avx2, aes, erms, clmul, bmi1, bmi2, adx, avx512f, avx512dq, avx512cd, avx512bw, avx512vl, sha, fma, vzeroupper, avx512_vpopcntdq, avx512_vpclmulqdq, avx512_vaes, avx512_vnni, clflush, clflushopt, clwb, avx512_vbmi2, avx512_vbmi, hv, serialize, rdtscp, rdpid, fsrm, gfni, avx512_bitalg, f16c, avx512_ifma
Processor Information for the first 3 processors :
  Max Mhz: 2000, Current Mhz: 2000, Mhz Limit: 2000

Memory: 4k page, system-wide physical 4095M (372M free)
TotalPageFile size 16383M (AvailPageFile size 1516M)
current process WorkingSet (physical memory assigned to process): 715M, peak: 1049M
current process commit charge ("private bytes"): 1393M, peak: 1394M

vm_info: OpenJDK 64-Bit Server VM (21.0.11+10-LTS) for windows-amd64 JRE (21.0.11+10-LTS), built on 2026-04-18T18:13:49Z by "MicrosoftCorporation" with MS VC++ 17.14 (VS2022)

END.
